<?xml version = '1.0' encoding = 'UTF-8'?>
<Table class="oracle.dbtools.crest.model.design.relational.Table" directorySegmentName="seg_0" id="06C31C11-240E-6F52-6F24-0918AC661925" name="Kolej">
<createdBy>Tam1</createdBy>
<createdTime>2018-04-15 17:38:10 UTC</createdTime>
<generatorID>35E7C3C0-C178-351F-CBE4-383A0B678787</generatorID>
<ownerDesignName>new</ownerDesignName>
<allowColumnReorder>false</allowColumnReorder>
<existDependencyGenerateInDDl>true</existDependencyGenerateInDDl>
<parsed>true</parsed>
<columns itemClass="oracle.dbtools.crest.model.design.relational.Column">
<Column name="nazev_koleje" id="06964023-4824-23D7-6F3A-9E7C9955E112">
<createdBy>Tam1</createdBy>
<createdTime>2018-04-15 17:38:10 UTC</createdTime>
<generatorID>8B192DA2-0F19-42DB-B362-85D72D85B8DF</generatorID>
<ownerDesignName>new</ownerDesignName>
<useDomainConstraints>false</useDomainConstraints>
<use>1</use>
<logicalDatatype>LOGDT024</logicalDatatype>
<dataTypeSize>20</dataTypeSize>
<ownDataTypeParameters>20,,</ownDataTypeParameters>
<autoIncrementCycle>false</autoIncrementCycle>
</Column>
<Column name="barva" id="ACF1DA9B-430E-E71A-161A-C72119968543">
<createdBy>Tam1</createdBy>
<createdTime>2018-04-15 17:38:10 UTC</createdTime>
<generatorID>C5422CBA-5267-CFAA-4426-E74E5111EC7D</generatorID>
<ownerDesignName>new</ownerDesignName>
<useDomainConstraints>false</useDomainConstraints>
<use>1</use>
<logicalDatatype>LOGDT024</logicalDatatype>
<dataTypeSize>20</dataTypeSize>
<ownDataTypeParameters>20,,</ownDataTypeParameters>
<autoIncrementCycle>false</autoIncrementCycle>
</Column>
<Column name="patron" id="477EEFB9-E586-5488-9B39-75818D890B0A">
<createdBy>Tam1</createdBy>
<createdTime>2018-04-15 17:38:10 UTC</createdTime>
<generatorID>C0E25EE9-3D59-EC8B-FE8C-8871546B1A86</generatorID>
<ownerDesignName>new</ownerDesignName>
<useDomainConstraints>false</useDomainConstraints>
<use>1</use>
<logicalDatatype>LOGDT024</logicalDatatype>
<dataTypeSize>20</dataTypeSize>
<ownDataTypeParameters>20,,</ownDataTypeParameters>
<autoIncrementCycle>false</autoIncrementCycle>
</Column>
<Column name="zkratka_koleje" id="FFA1B2AD-528B-C2E6-ED69-49C7E15235AA">
<createdBy>Tam1</createdBy>
<createdTime>2018-04-15 17:38:10 UTC</createdTime>
<generatorID>4140ED7E-F728-6A3A-8CB9-BC06CD78707C</generatorID>
<ownerDesignName>new</ownerDesignName>
<nullsAllowed>true</nullsAllowed>
<useDomainConstraints>false</useDomainConstraints>
<use>1</use>
<logicalDatatype>LOGDT024</logicalDatatype>
<dataTypeSize>10</dataTypeSize>
<ownDataTypeParameters>10,,</ownDataTypeParameters>
<autoIncrementCycle>false</autoIncrementCycle>
</Column>
<Column name="Ucitel_id_zamestnanec" id="BD191404-C10F-E362-415A-45377A654EAE">
<createdBy>Tam1</createdBy>
<createdTime>2018-04-15 17:38:10 UTC</createdTime>
<generatorID>F09FE5A9-625D-0D25-21CC-E20F82F57657</generatorID>
<ownerDesignName>new</ownerDesignName>
<useDomainConstraints>false</useDomainConstraints>
<use>1</use>
<logicalDatatype>LOGDT019</logicalDatatype>
<ownDataTypeParameters>,,</ownDataTypeParameters>
<previousColumn>false</previousColumn>
<autoIncrementCycle>false</autoIncrementCycle>
<associations>
<colAssociation fkAssociation="796F078A-F7F7-336E-8FFB-D7609E0ACCFA" referredColumn="B970DC07-D3D7-8EF3-0BD7-EB0DB86E8A8E"/>
</associations>
</Column>
</columns>
<indexes itemClass="oracle.dbtools.crest.model.design.relational.Index">
<ind_PK_UK id="6F1D4846-6A54-59F5-0593-9A8E6948BA2A" name="Kolej_PK">
<createdBy>Tam1</createdBy>
<createdTime>2018-04-15 17:38:10 UTC</createdTime>
<generatorID>35A7B0AD-F9F8-58EA-79D7-DEF7F503AD8D</generatorID>
<ownerDesignName>new</ownerDesignName>
<pk>true</pk>
<indexState>Primary Constraint</indexState>
<isSurrogateKey>false</isSurrogateKey>
<indexColumnUsage>
<colUsage columnID="06964023-4824-23D7-6F3A-9E7C9955E112"/>
</indexColumnUsage>
</ind_PK_UK>
<ind_PK_UK id="2F7A8C63-C55F-66C6-95B3-183A965EA402" name="Kolej__IDX">
<createdBy>Tam1</createdBy>
<createdTime>2018-04-15 17:38:10 UTC</createdTime>
<ownerDesignName>new</ownerDesignName>
<indexState>Unique Plain Index</indexState>
<isSurrogateKey>false</isSurrogateKey>
<relationGeneratorID>49C7089A-DC0D-1CE6-E92A-1A3CA2CC37E5</relationGeneratorID>
<indexColumnUsage>
<colUsage columnID="BD191404-C10F-E362-415A-45377A654EAE"/>
</indexColumnUsage>
</ind_PK_UK>
<ind_PK_UK id="0E2025E7-57ED-479E-FF8E-2F98C4D8C37A" name="Kolej_Ucitel_FK">
<createdBy>Tam1</createdBy>
<createdTime>2018-04-15 17:38:10 UTC</createdTime>
<generatorID>49C7089A-DC0D-1CE6-E92A-1A3CA2CC37E5</generatorID>
<ownerDesignName>new</ownerDesignName>
<indexState>Foreign Key</indexState>
<isSurrogateKey>false</isSurrogateKey>
<indexColumnUsage>
<colUsage columnID="BD191404-C10F-E362-415A-45377A654EAE"/>
</indexColumnUsage>
</ind_PK_UK>
</indexes>
</Table>