<?xml version = '1.0' encoding = 'UTF-8'?>
<Table class="oracle.dbtools.crest.model.design.relational.Table" directorySegmentName="seg_0" id="0CCA4C39-B18B-8642-BFE4-FA513B70E384" name="Ucitel">
<createdBy>Tam1</createdBy>
<createdTime>2018-04-15 17:38:10 UTC</createdTime>
<generatorID>C8108B16-ADD9-E8A0-C51F-34E416128972</generatorID>
<ownerDesignName>new</ownerDesignName>
<allowColumnReorder>false</allowColumnReorder>
<existDependencyGenerateInDDl>true</existDependencyGenerateInDDl>
<parsed>true</parsed>
<columns itemClass="oracle.dbtools.crest.model.design.relational.Column">
<Column name="kouzelnicky_titul" id="07C6FAE3-997F-199A-5425-EDC4EF747FEC">
<createdBy>Tam1</createdBy>
<createdTime>2018-04-15 17:38:10 UTC</createdTime>
<generatorID>24B1B814-F2BF-D115-9283-8E812E1E715D</generatorID>
<ownerDesignName>new</ownerDesignName>
<useDomainConstraints>false</useDomainConstraints>
<use>1</use>
<logicalDatatype>LOGDT024</logicalDatatype>
<dataTypeSize>50 CHAR</dataTypeSize>
<ownDataTypeParameters>50 CHAR,,</ownDataTypeParameters>
<autoIncrementCycle>false</autoIncrementCycle>
</Column>
<Column name="Predmet_nazev" id="84475913-8104-581B-EFE7-5CAB49B74A35">
<createdBy>Tam1</createdBy>
<createdTime>2018-04-15 17:38:10 UTC</createdTime>
<generatorID>2EBDA2A7-3C91-1A0C-0A39-A0A63622EE61</generatorID>
<ownerDesignName>new</ownerDesignName>
<useDomainConstraints>false</useDomainConstraints>
<use>1</use>
<logicalDatatype>LOGDT024</logicalDatatype>
<dataTypeSize>50 CHAR</dataTypeSize>
<ownDataTypeParameters>,,</ownDataTypeParameters>
<previousColumn>false</previousColumn>
<autoIncrementCycle>false</autoIncrementCycle>
<associations>
<colAssociation fkAssociation="5BC8FA58-66C2-F376-FCC3-FE76E2A1DB96" referredColumn="C2BE575F-B665-650D-617A-AF42EC47520D"/>
</associations>
</Column>
<Column name="Zamestnanec_id_zamestnanec" id="B970DC07-D3D7-8EF3-0BD7-EB0DB86E8A8E">
<createdBy>Tam1</createdBy>
<createdTime>2018-04-15 17:38:10 UTC</createdTime>
<generatorID>D3F55FC9-FC7C-1F3F-A25C-55E8CCBDB643</generatorID>
<ownerDesignName>new</ownerDesignName>
<useDomainConstraints>false</useDomainConstraints>
<use>1</use>
<logicalDatatype>LOGDT019</logicalDatatype>
<ownDataTypeParameters>,,</ownDataTypeParameters>
<previousColumn>false</previousColumn>
<autoIncrementCycle>false</autoIncrementCycle>
<associations>
<colAssociation fkAssociation="AA8024C3-219E-ABF9-D28E-B6273D37AC3B" referredColumn="38B46D7D-7322-B2BC-A601-C58CC8E89C9E"/>
</associations>
</Column>
<Column name="zastupce_reditele" id="D693BEA4-230C-A06D-F165-0C56DCBDF780">
<createdBy>Tam1</createdBy>
<createdTime>2018-04-15 17:38:10 UTC</createdTime>
<generatorID>91366856-E65A-BAF0-96CC-DF4BF615A0C5</generatorID>
<ownerDesignName>new</ownerDesignName>
<useDomainConstraints>false</useDomainConstraints>
<use>1</use>
<logicalDatatype>LOGDT006</logicalDatatype>
<dataTypeSize>1 BYTE</dataTypeSize>
<ownDataTypeParameters>1 BYTE,,</ownDataTypeParameters>
<autoIncrementCycle>false</autoIncrementCycle>
</Column>
</columns>
<indexes itemClass="oracle.dbtools.crest.model.design.relational.Index">
<ind_PK_UK id="0E23AB76-2E91-793E-F00D-36973E3172E7" name="Ucitel_PK">
<createdBy>Tam1</createdBy>
<createdTime>2018-04-15 17:38:10 UTC</createdTime>
<generatorID>A0A9BF3E-610F-CD3E-F182-7116515BDE7B</generatorID>
<ownerDesignName>new</ownerDesignName>
<pk>true</pk>
<indexState>Primary Constraint</indexState>
<isSurrogateKey>false</isSurrogateKey>
<indexColumnUsage>
<colUsage columnID="B970DC07-D3D7-8EF3-0BD7-EB0DB86E8A8E"/>
</indexColumnUsage>
</ind_PK_UK>
<ind_PK_UK id="7552B376-2767-2CF3-236B-58309B06FC15" name="Ucitel__IDX">
<createdBy>Tam1</createdBy>
<createdTime>2018-04-15 17:38:10 UTC</createdTime>
<ownerDesignName>new</ownerDesignName>
<indexState>Unique Plain Index</indexState>
<isSurrogateKey>false</isSurrogateKey>
<relationGeneratorID>D17A6BEA-2B77-CDFF-9BFC-835039FFBCFB</relationGeneratorID>
<indexColumnUsage>
<colUsage columnID="84475913-8104-581B-EFE7-5CAB49B74A35"/>
</indexColumnUsage>
</ind_PK_UK>
<ind_PK_UK id="9CC0DDF4-62B5-A78B-0BB7-259DA500D602" name="Ucitel_Zamestnanec_FK">
<createdBy>Tam1</createdBy>
<createdTime>2018-04-15 17:38:10 UTC</createdTime>
<generatorID>112F694E-99B3-D57E-B084-EC91CFEF04B9</generatorID>
<ownerDesignName>new</ownerDesignName>
<indexState>Foreign Key</indexState>
<isSurrogateKey>false</isSurrogateKey>
<indexColumnUsage>
<colUsage columnID="B970DC07-D3D7-8EF3-0BD7-EB0DB86E8A8E"/>
</indexColumnUsage>
</ind_PK_UK>
<ind_PK_UK id="07868D88-7A9C-6301-DD38-E8397B15A6C5" name="Ucitel_Predmet_FK">
<createdBy>Tam1</createdBy>
<createdTime>2018-04-15 17:38:10 UTC</createdTime>
<generatorID>D17A6BEA-2B77-CDFF-9BFC-835039FFBCFB</generatorID>
<ownerDesignName>new</ownerDesignName>
<indexState>Foreign Key</indexState>
<isSurrogateKey>false</isSurrogateKey>
<indexColumnUsage>
<colUsage columnID="84475913-8104-581B-EFE7-5CAB49B74A35"/>
</indexColumnUsage>
</ind_PK_UK>
</indexes>
</Table>