<?xml version = '1.0' encoding = 'UTF-8'?>
<Table class="oracle.dbtools.crest.model.design.relational.Table" directorySegmentName="seg_0" id="0D28D1DF-1968-3CE2-8EEC-1989C75B348D" name="studuje">
<createdBy>Tam1</createdBy>
<createdTime>2018-04-15 17:38:10 UTC</createdTime>
<ownerDesignName>new</ownerDesignName>
<allowColumnReorder>false</allowColumnReorder>
<existDependencyGenerateInDDl>true</existDependencyGenerateInDDl>
<parsed>true</parsed>
<columns itemClass="oracle.dbtools.crest.model.design.relational.Column">
<Column name="Povinne_volitelny_nazev" id="22483F10-1818-F8DC-9C61-FB28B4A64C17">
<createdBy>Tam1</createdBy>
<createdTime>2018-04-15 17:38:10 UTC</createdTime>
<ownerDesignName>new</ownerDesignName>
<useDomainConstraints>false</useDomainConstraints>
<use>1</use>
<logicalDatatype>LOGDT024</logicalDatatype>
<dataTypeSize>50 CHAR</dataTypeSize>
<ownDataTypeParameters>,,</ownDataTypeParameters>
<previousColumn>false</previousColumn>
<autoIncrementCycle>false</autoIncrementCycle>
<associations>
<colAssociation fkAssociation="CCFF017D-65E7-6C23-D610-ED41025D62A3" referredColumn="75D325BE-6185-DFF9-D62A-995B3EEAE255"/>
</associations>
</Column>
<Column name="Student_id_student" id="81C6C726-6274-25A8-571C-AA5F2E31EFEE">
<createdBy>Tam1</createdBy>
<createdTime>2018-04-15 17:38:10 UTC</createdTime>
<ownerDesignName>new</ownerDesignName>
<useDomainConstraints>false</useDomainConstraints>
<use>1</use>
<logicalDatatype>LOGDT011</logicalDatatype>
<ownDataTypeParameters>,,</ownDataTypeParameters>
<previousColumn>false</previousColumn>
<autoIncrementCycle>false</autoIncrementCycle>
<associations>
<colAssociation fkAssociation="066F7CF5-5A0F-098D-D26A-462284016B41" referredColumn="9302FA72-BF20-2948-FC5F-AA3DC20990CA"/>
</associations>
</Column>
</columns>
<indexes itemClass="oracle.dbtools.crest.model.design.relational.Index">
<ind_PK_UK id="CC99EDEF-8B89-FA61-3824-89FF710CCFF6" name="studuje_PK">
<createdBy>Tam1</createdBy>
<createdTime>2018-04-15 17:38:10 UTC</createdTime>
<ownerDesignName>new</ownerDesignName>
<pk>true</pk>
<indexState>Primary Constraint</indexState>
<isSurrogateKey>false</isSurrogateKey>
<indexColumnUsage>
<colUsage columnID="22483F10-1818-F8DC-9C61-FB28B4A64C17"/>
<colUsage columnID="81C6C726-6274-25A8-571C-AA5F2E31EFEE"/>
</indexColumnUsage>
</ind_PK_UK>
<ind_PK_UK id="52BE5D47-C1CA-E906-1857-333C7AE1796B" name="studuje_Povinne_volitelny_FK">
<createdBy>Tam1</createdBy>
<createdTime>2018-04-15 17:38:10 UTC</createdTime>
<generatorID>FEAA8BC3-0DF9-0D19-2515-82AF8D72F047</generatorID>
<ownerDesignName>new</ownerDesignName>
<indexState>Foreign Key</indexState>
<isSurrogateKey>false</isSurrogateKey>
<indexColumnUsage>
<colUsage columnID="22483F10-1818-F8DC-9C61-FB28B4A64C17"/>
</indexColumnUsage>
</ind_PK_UK>
<ind_PK_UK id="8F0967C5-17EC-F252-9B76-D1C7B16408EE" name="studuje_Student_FK">
<createdBy>Tam1</createdBy>
<createdTime>2018-04-15 17:38:10 UTC</createdTime>
<generatorID>FEAA8BC3-0DF9-0D19-2515-82AF8D72F047</generatorID>
<ownerDesignName>new</ownerDesignName>
<indexState>Foreign Key</indexState>
<isSurrogateKey>false</isSurrogateKey>
<indexColumnUsage>
<colUsage columnID="81C6C726-6274-25A8-571C-AA5F2E31EFEE"/>
</indexColumnUsage>
</ind_PK_UK>
</indexes>
</Table>