<?xml version = '1.0' encoding = 'UTF-8'?>
<Table class="oracle.dbtools.crest.model.design.relational.Table" directorySegmentName="seg_0" id="1C05A3E0-B9E0-79E1-698A-F24D4313DC73" name="Povinny">
<createdBy>Tam1</createdBy>
<createdTime>2018-04-15 17:38:10 UTC</createdTime>
<generatorID>A27B5FE8-A8DF-7C8C-0C47-47A9CC664605</generatorID>
<ownerDesignName>new</ownerDesignName>
<allowColumnReorder>false</allowColumnReorder>
<existDependencyGenerateInDDl>true</existDependencyGenerateInDDl>
<parsed>true</parsed>
<columns itemClass="oracle.dbtools.crest.model.design.relational.Column">
<Column name="nazev" id="549F51AC-9729-1AEF-CE1D-F83341D3035E">
<createdBy>Tam1</createdBy>
<createdTime>2018-04-15 17:38:10 UTC</createdTime>
<generatorID>09C2D7CD-0591-A48F-0B99-1FA44167C425</generatorID>
<ownerDesignName>new</ownerDesignName>
<useDomainConstraints>false</useDomainConstraints>
<use>1</use>
<logicalDatatype>LOGDT024</logicalDatatype>
<dataTypeSize>50 CHAR</dataTypeSize>
<ownDataTypeParameters>,,</ownDataTypeParameters>
<autoIncrementCycle>false</autoIncrementCycle>
<associations>
<colAssociation fkAssociation="02FC49CD-F5EE-7EC1-B1D7-7ECEF5319041" referredColumn="C2BE575F-B665-650D-617A-AF42EC47520D"/>
</associations>
</Column>
<Column name="pruchodnost" id="7DEBB875-46F3-EE53-4499-EB720459215F">
<createdBy>Tam1</createdBy>
<createdTime>2018-04-15 17:38:10 UTC</createdTime>
<generatorID>453CB911-B079-9D6E-E8F5-36B56F693935</generatorID>
<ownerDesignName>new</ownerDesignName>
<useDomainConstraints>false</useDomainConstraints>
<use>1</use>
<logicalDatatype>LOGDT011</logicalDatatype>
<ownDataTypeParameters>,,</ownDataTypeParameters>
<autoIncrementCycle>false</autoIncrementCycle>
</Column>
<Column name="Povinny_TYPE" id="3C0BC597-FED8-2406-5C63-040440A7F260">
<createdBy>Tam1</createdBy>
<createdTime>2018-04-15 17:38:10 UTC</createdTime>
<ownerDesignName>new</ownerDesignName>
<constraintName>CH_INH_Povinny</constraintName>
<useDomainConstraints>false</useDomainConstraints>
<use>1</use>
<logicalDatatype>LOGDT024</logicalDatatype>
<dataTypeSize>7</dataTypeSize>
<listOfValues>
<valueDef value="Povinny" description="entity Povinny"/>
</listOfValues>
<ownDataTypeParameters>7,,</ownDataTypeParameters>
<autoIncrementCycle>false</autoIncrementCycle>
<isDiscriminatorColumn>true</isDiscriminatorColumn>
</Column>
</columns>
<indexes itemClass="oracle.dbtools.crest.model.design.relational.Index">
<ind_PK_UK id="F98CF3F1-BBEF-EB98-D948-49B35BDF7495" name="Povinny_PK">
<createdBy>Tam1</createdBy>
<createdTime>2018-04-15 17:38:10 UTC</createdTime>
<generatorID>3EF30935-8E0B-AFDF-8CC7-EAF1B460F18B</generatorID>
<ownerDesignName>new</ownerDesignName>
<pk>true</pk>
<indexState>Primary Constraint</indexState>
<isSurrogateKey>false</isSurrogateKey>
<indexColumnUsage>
<colUsage columnID="549F51AC-9729-1AEF-CE1D-F83341D3035E"/>
</indexColumnUsage>
</ind_PK_UK>
<ind_PK_UK id="EDADB165-46D0-FFCB-7CD8-4B2C809D96B1" name="Povinny_Predmet_FK">
<createdBy>Tam1</createdBy>
<createdTime>2018-04-15 17:38:10 UTC</createdTime>
<generatorID>4E64C19F-0075-1343-47A8-BDE3F85F3254</generatorID>
<ownerDesignName>new</ownerDesignName>
<indexState>Foreign Key</indexState>
<isSurrogateKey>false</isSurrogateKey>
<indexColumnUsage>
<colUsage columnID="549F51AC-9729-1AEF-CE1D-F83341D3035E"/>
</indexColumnUsage>
</ind_PK_UK>
</indexes>
</Table>