<?xml version = '1.0' encoding = 'UTF-8'?>
<Table class="oracle.dbtools.crest.model.design.relational.Table" directorySegmentName="seg_0" id="2DCC7B11-9E0D-57D2-A747-1E5B0E675A7B" name="Povinne_volitelny">
<createdBy>Tam1</createdBy>
<createdTime>2018-04-15 17:38:10 UTC</createdTime>
<generatorID>29E8864F-E0DC-2E0E-2B5B-8C5905D8855D</generatorID>
<ownerDesignName>new</ownerDesignName>
<allowColumnReorder>false</allowColumnReorder>
<existDependencyGenerateInDDl>true</existDependencyGenerateInDDl>
<parsed>true</parsed>
<columns itemClass="oracle.dbtools.crest.model.design.relational.Column">
<Column name="nazev" id="75D325BE-6185-DFF9-D62A-995B3EEAE255">
<createdBy>Tam1</createdBy>
<createdTime>2018-04-15 17:38:10 UTC</createdTime>
<generatorID>09C2D7CD-0591-A48F-0B99-1FA44167C425</generatorID>
<ownerDesignName>new</ownerDesignName>
<useDomainConstraints>false</useDomainConstraints>
<use>1</use>
<logicalDatatype>LOGDT024</logicalDatatype>
<dataTypeSize>50 CHAR</dataTypeSize>
<ownDataTypeParameters>,,</ownDataTypeParameters>
<autoIncrementCycle>false</autoIncrementCycle>
<associations>
<colAssociation fkAssociation="6BC4623A-FED0-8B1B-37DF-C4FF7787CAF1" referredColumn="C2BE575F-B665-650D-617A-AF42EC47520D"/>
</associations>
</Column>
<Column name="zkratka" id="6965F575-F8F2-CF18-67E4-82F70AB9A9E4">
<createdBy>Tam1</createdBy>
<createdTime>2018-04-15 17:38:10 UTC</createdTime>
<generatorID>65903ACD-11C2-D5C7-6B78-E3F61E3B56AB</generatorID>
<ownerDesignName>new</ownerDesignName>
<useDomainConstraints>false</useDomainConstraints>
<use>1</use>
<logicalDatatype>LOGDT024</logicalDatatype>
<dataTypeSize>10 CHAR</dataTypeSize>
<ownDataTypeParameters>10 CHAR,,</ownDataTypeParameters>
<autoIncrementCycle>false</autoIncrementCycle>
</Column>
<Column name="Povinne_volitelny_TYPE" id="547E9ECA-1841-F78C-61BB-DED8A8063784">
<createdBy>Tam1</createdBy>
<createdTime>2018-04-15 17:38:10 UTC</createdTime>
<ownerDesignName>new</ownerDesignName>
<constraintName>CH_INH_Povinne_volitelny</constraintName>
<useDomainConstraints>false</useDomainConstraints>
<use>1</use>
<logicalDatatype>LOGDT024</logicalDatatype>
<dataTypeSize>17</dataTypeSize>
<listOfValues>
<valueDef value="Povinne_volitelny" description="entity Povinne_volitelny"/>
</listOfValues>
<ownDataTypeParameters>17,,</ownDataTypeParameters>
<autoIncrementCycle>false</autoIncrementCycle>
<isDiscriminatorColumn>true</isDiscriminatorColumn>
</Column>
</columns>
<indexes itemClass="oracle.dbtools.crest.model.design.relational.Index">
<ind_PK_UK id="9CA65FEE-A352-1EFC-D581-021127C008D9" name="Povinne_volitelny_PK">
<createdBy>Tam1</createdBy>
<createdTime>2018-04-15 17:38:10 UTC</createdTime>
<generatorID>3EF30935-8E0B-AFDF-8CC7-EAF1B460F18B</generatorID>
<ownerDesignName>new</ownerDesignName>
<pk>true</pk>
<indexState>Primary Constraint</indexState>
<isSurrogateKey>false</isSurrogateKey>
<indexColumnUsage>
<colUsage columnID="75D325BE-6185-DFF9-D62A-995B3EEAE255"/>
</indexColumnUsage>
</ind_PK_UK>
<ind_PK_UK id="0A6828CE-3985-ED1D-53BC-A5273BB0FDDB" name="Povinne_volitelny_Predmet_FK">
<createdBy>Tam1</createdBy>
<createdTime>2018-04-15 17:38:10 UTC</createdTime>
<generatorID>006D8B68-1731-8219-A703-B1128C6B5BD8</generatorID>
<ownerDesignName>new</ownerDesignName>
<indexState>Foreign Key</indexState>
<isSurrogateKey>false</isSurrogateKey>
<indexColumnUsage>
<colUsage columnID="75D325BE-6185-DFF9-D62A-995B3EEAE255"/>
</indexColumnUsage>
</ind_PK_UK>
</indexes>
</Table>