<?xml version = '1.0' encoding = 'UTF-8'?>
<Table class="oracle.dbtools.crest.model.design.relational.Table" directorySegmentName="seg_0" id="637A804C-6508-F834-6CA1-007719EC9ED4" name="Famfrpalovy_tym">
<createdBy>Tam1</createdBy>
<createdTime>2018-04-15 17:38:10 UTC</createdTime>
<generatorID>E03987CC-5F44-CAC3-99EA-D4882127BA4C</generatorID>
<ownerDesignName>new</ownerDesignName>
<allowColumnReorder>false</allowColumnReorder>
<existDependencyGenerateInDDl>true</existDependencyGenerateInDDl>
<parsed>true</parsed>
<columns itemClass="oracle.dbtools.crest.model.design.relational.Column">
<Column name="prezdivka" id="21DBE8C9-B648-7C54-6BE8-4C6E73A8A71C">
<createdBy>Tam1</createdBy>
<createdTime>2018-04-15 17:38:10 UTC</createdTime>
<generatorID>0A60D7FD-DC3F-00C8-DBE6-3E0837019016</generatorID>
<ownerDesignName>new</ownerDesignName>
<nullsAllowed>true</nullsAllowed>
<useDomainConstraints>false</useDomainConstraints>
<use>1</use>
<logicalDatatype>LOGDT024</logicalDatatype>
<dataTypeSize>10 CHAR</dataTypeSize>
<ownDataTypeParameters>10 CHAR,,</ownDataTypeParameters>
<autoIncrementCycle>false</autoIncrementCycle>
</Column>
<Column name="Kolej_nazev_koleje" id="2ADB6CA7-69C5-5D97-05FE-626D5CA5795A">
<createdBy>Tam1</createdBy>
<createdTime>2018-04-15 17:38:10 UTC</createdTime>
<generatorID>444F4366-8203-523F-7C15-92EA85C56E7C</generatorID>
<ownerDesignName>new</ownerDesignName>
<useDomainConstraints>false</useDomainConstraints>
<use>1</use>
<logicalDatatype>LOGDT024</logicalDatatype>
<dataTypeSize>20</dataTypeSize>
<ownDataTypeParameters>,,</ownDataTypeParameters>
<previousColumn>false</previousColumn>
<autoIncrementCycle>false</autoIncrementCycle>
<associations>
<colAssociation fkAssociation="EA3079D1-338B-A1B6-3C09-7CB3162E3EE8" referredColumn="06964023-4824-23D7-6F3A-9E7C9955E112"/>
</associations>
</Column>
</columns>
<indexes itemClass="oracle.dbtools.crest.model.design.relational.Index">
<ind_PK_UK id="57EBB29B-B2E4-9BCE-052E-D4CC92CF8BF7" name="Famfrpalovy_tym_PK">
<createdBy>Tam1</createdBy>
<createdTime>2018-04-15 17:38:10 UTC</createdTime>
<generatorID>7C1A8704-B9CF-44D6-4926-B08A93354B59</generatorID>
<ownerDesignName>new</ownerDesignName>
<pk>true</pk>
<indexState>Primary Constraint</indexState>
<isSurrogateKey>false</isSurrogateKey>
<indexColumnUsage>
<colUsage columnID="2ADB6CA7-69C5-5D97-05FE-626D5CA5795A"/>
</indexColumnUsage>
</ind_PK_UK>
<ind_PK_UK id="FC28CD65-F260-CC14-C7CF-6E07C9D7F4B0" name="Famfrpalovy_tym_Kolej_FK">
<createdBy>Tam1</createdBy>
<createdTime>2018-04-15 17:38:10 UTC</createdTime>
<generatorID>5D355C06-C16E-2902-133E-DB88AD982A81</generatorID>
<ownerDesignName>new</ownerDesignName>
<indexState>Foreign Key</indexState>
<isSurrogateKey>false</isSurrogateKey>
<indexColumnUsage>
<colUsage columnID="2ADB6CA7-69C5-5D97-05FE-626D5CA5795A"/>
</indexColumnUsage>
</ind_PK_UK>
</indexes>
</Table>