<?xml version = '1.0' encoding = 'UTF-8'?>
<Table class="oracle.dbtools.crest.model.design.relational.Table" directorySegmentName="seg_0" id="75509F25-C2D1-1A7D-1046-ED64A4665139" name="Reditel">
<createdBy>Tam1</createdBy>
<createdTime>2018-04-15 17:38:10 UTC</createdTime>
<generatorID>858419B0-D8BF-FECF-2932-B2B8BF32CC5D</generatorID>
<ownerDesignName>new</ownerDesignName>
<allowColumnReorder>false</allowColumnReorder>
<existDependencyGenerateInDDl>true</existDependencyGenerateInDDl>
<parsed>true</parsed>
<columns itemClass="oracle.dbtools.crest.model.design.relational.Column">
<Column name="kouzelnicky_titul" id="88ACBE5D-EF49-48FB-FCEE-D0F1D9E69C1C">
<createdBy>Tam1</createdBy>
<createdTime>2018-04-15 17:38:10 UTC</createdTime>
<generatorID>94EAF387-79AE-48A9-34CD-471850161A6A</generatorID>
<ownerDesignName>new</ownerDesignName>
<useDomainConstraints>false</useDomainConstraints>
<use>1</use>
<logicalDatatype>LOGDT024</logicalDatatype>
<dataTypeSize>50 CHAR</dataTypeSize>
<ownDataTypeParameters>50 CHAR,,</ownDataTypeParameters>
<autoIncrementCycle>false</autoIncrementCycle>
</Column>
<Column name="Zamestnanec_id_zamestnanec" id="2671569E-7BF2-7021-48C8-D17043C5BF2E">
<createdBy>Tam1</createdBy>
<createdTime>2018-04-15 17:38:10 UTC</createdTime>
<generatorID>23F91E9F-FE1B-9E96-4086-325B8927D580</generatorID>
<ownerDesignName>new</ownerDesignName>
<useDomainConstraints>false</useDomainConstraints>
<use>1</use>
<logicalDatatype>LOGDT019</logicalDatatype>
<ownDataTypeParameters>,,</ownDataTypeParameters>
<previousColumn>false</previousColumn>
<autoIncrementCycle>false</autoIncrementCycle>
<associations>
<colAssociation fkAssociation="A502E360-8F10-818D-B336-8744787774AB" referredColumn="38B46D7D-7322-B2BC-A601-C58CC8E89C9E"/>
</associations>
</Column>
</columns>
<indexes itemClass="oracle.dbtools.crest.model.design.relational.Index">
<ind_PK_UK id="D04AFCCB-7326-8B2A-CD58-46E90C8139F2" name="Reditel_PK">
<createdBy>Tam1</createdBy>
<createdTime>2018-04-15 17:38:10 UTC</createdTime>
<generatorID>C99E9682-7C34-B2A3-EE20-FC103D66E4F7</generatorID>
<ownerDesignName>new</ownerDesignName>
<pk>true</pk>
<indexState>Primary Constraint</indexState>
<isSurrogateKey>false</isSurrogateKey>
<indexColumnUsage>
<colUsage columnID="2671569E-7BF2-7021-48C8-D17043C5BF2E"/>
</indexColumnUsage>
</ind_PK_UK>
<ind_PK_UK id="5CC62F31-86D2-989E-F72B-4A14A62DEB05" name="Reditel_Zamestnanec_FK">
<createdBy>Tam1</createdBy>
<createdTime>2018-04-15 17:38:10 UTC</createdTime>
<generatorID>30E31192-D988-A081-9EDB-3F56AFEA53CC</generatorID>
<ownerDesignName>new</ownerDesignName>
<indexState>Foreign Key</indexState>
<isSurrogateKey>false</isSurrogateKey>
<indexColumnUsage>
<colUsage columnID="2671569E-7BF2-7021-48C8-D17043C5BF2E"/>
</indexColumnUsage>
</ind_PK_UK>
</indexes>
</Table>