<?xml version = '1.0' encoding = 'UTF-8'?>
<Table class="oracle.dbtools.crest.model.design.relational.Table" directorySegmentName="seg_0" id="80FC766C-C4D2-B123-B655-1E030377B362" name="Rocnik">
<createdBy>Tam1</createdBy>
<createdTime>2018-04-15 17:38:10 UTC</createdTime>
<generatorID>FE19C06D-05E5-F908-F4B6-99AE61655672</generatorID>
<ownerDesignName>new</ownerDesignName>
<allowColumnReorder>false</allowColumnReorder>
<existDependencyGenerateInDDl>true</existDependencyGenerateInDDl>
<parsed>true</parsed>
<columns itemClass="oracle.dbtools.crest.model.design.relational.Column">
<Column name="id_rocnik" id="BA7319F3-E298-F0C2-CAAB-D5D909D170D7">
<createdBy>Tam1</createdBy>
<createdTime>2018-04-15 17:38:10 UTC</createdTime>
<generatorID>54AB5385-0E75-EC0B-6938-44F24055544C</generatorID>
<ownerDesignName>new</ownerDesignName>
<useDomainConstraints>false</useDomainConstraints>
<use>1</use>
<logicalDatatype>LOGDT011</logicalDatatype>
<ownDataTypeParameters>,,</ownDataTypeParameters>
<autoIncrementCycle>false</autoIncrementCycle>
</Column>
</columns>
<indexes itemClass="oracle.dbtools.crest.model.design.relational.Index">
<ind_PK_UK id="B09AB9D9-F8C4-2476-43CC-D22F7FD40CED" name="Rocnik_PK">
<createdBy>Tam1</createdBy>
<createdTime>2018-04-15 17:38:10 UTC</createdTime>
<generatorID>DAB235F8-2FB3-994E-67A3-490D722DB359</generatorID>
<ownerDesignName>new</ownerDesignName>
<pk>true</pk>
<indexState>Primary Constraint</indexState>
<isSurrogateKey>false</isSurrogateKey>
<indexColumnUsage>
<colUsage columnID="BA7319F3-E298-F0C2-CAAB-D5D909D170D7"/>
</indexColumnUsage>
</ind_PK_UK>
</indexes>
</Table>