<?xml version = '1.0' encoding = 'UTF-8'?>
<Table class="oracle.dbtools.crest.model.design.relational.Table" directorySegmentName="seg_0" id="95597616-B8F7-8C1A-A8C6-4BE621A5C1C7" name="Ostatni">
<createdBy>Tam1</createdBy>
<createdTime>2018-04-15 17:38:10 UTC</createdTime>
<generatorID>BF08637A-E102-EFF2-B349-77D3F6FF59B5</generatorID>
<ownerDesignName>new</ownerDesignName>
<allowColumnReorder>false</allowColumnReorder>
<existDependencyGenerateInDDl>true</existDependencyGenerateInDDl>
<parsed>true</parsed>
<columns itemClass="oracle.dbtools.crest.model.design.relational.Column">
<Column name="pozice" id="AABB9675-3E96-35DE-F866-962B27FECCB6">
<createdBy>Tam1</createdBy>
<createdTime>2018-04-15 17:38:10 UTC</createdTime>
<generatorID>EE4F650D-E040-6EED-FB8F-7905B61C752E</generatorID>
<ownerDesignName>new</ownerDesignName>
<useDomainConstraints>false</useDomainConstraints>
<use>1</use>
<logicalDatatype>LOGDT024</logicalDatatype>
<dataTypeSize>20 CHAR</dataTypeSize>
<ownDataTypeParameters>20 CHAR,,</ownDataTypeParameters>
<autoIncrementCycle>false</autoIncrementCycle>
</Column>
<Column name="Zamestnanec_id_zamestnanec" id="DECFE671-B309-69DC-C7B7-505BECF35FD0">
<createdBy>Tam1</createdBy>
<createdTime>2018-04-15 17:38:10 UTC</createdTime>
<generatorID>94E227F7-14BC-E5E7-51E9-60888E6D1B98</generatorID>
<ownerDesignName>new</ownerDesignName>
<useDomainConstraints>false</useDomainConstraints>
<use>1</use>
<logicalDatatype>LOGDT019</logicalDatatype>
<ownDataTypeParameters>,,</ownDataTypeParameters>
<previousColumn>false</previousColumn>
<autoIncrementCycle>false</autoIncrementCycle>
<associations>
<colAssociation fkAssociation="00BF3976-2045-D9B5-9FA2-B53D7746DD6B" referredColumn="38B46D7D-7322-B2BC-A601-C58CC8E89C9E"/>
</associations>
</Column>
</columns>
<indexes itemClass="oracle.dbtools.crest.model.design.relational.Index">
<ind_PK_UK id="B64BEF24-3749-A466-7563-BB423E0E56D1" name="Ostatni_PK">
<createdBy>Tam1</createdBy>
<createdTime>2018-04-15 17:38:10 UTC</createdTime>
<generatorID>D38A68AE-D759-6B99-311B-84CE7EA87EE6</generatorID>
<ownerDesignName>new</ownerDesignName>
<pk>true</pk>
<indexState>Primary Constraint</indexState>
<isSurrogateKey>false</isSurrogateKey>
<indexColumnUsage>
<colUsage columnID="DECFE671-B309-69DC-C7B7-505BECF35FD0"/>
</indexColumnUsage>
</ind_PK_UK>
<ind_PK_UK id="1F229A19-02DF-D9C5-D623-9A15E03360A8" name="Ostatni_Zamestnanec_FK">
<createdBy>Tam1</createdBy>
<createdTime>2018-04-15 17:38:10 UTC</createdTime>
<generatorID>51D618A4-9D94-29F8-51B9-4087B72A54F4</generatorID>
<ownerDesignName>new</ownerDesignName>
<indexState>Foreign Key</indexState>
<isSurrogateKey>false</isSurrogateKey>
<indexColumnUsage>
<colUsage columnID="DECFE671-B309-69DC-C7B7-505BECF35FD0"/>
</indexColumnUsage>
</ind_PK_UK>
</indexes>
</Table>