<?xml version = '1.0' encoding = 'UTF-8'?>
<Table class="oracle.dbtools.crest.model.design.relational.Table" directorySegmentName="seg_0" id="A033E4FD-B9B6-95B3-A94D-D1318C39F066" name="Prefekt">
<createdBy>Tam1</createdBy>
<createdTime>2018-04-15 17:38:10 UTC</createdTime>
<generatorID>484A2861-D33A-3B93-5C57-71D4F94D9F1F</generatorID>
<ownerDesignName>new</ownerDesignName>
<allowColumnReorder>false</allowColumnReorder>
<existDependencyGenerateInDDl>true</existDependencyGenerateInDDl>
<parsed>true</parsed>
<columns itemClass="oracle.dbtools.crest.model.design.relational.Column">
<Column name="prumer_znamek" id="C7D3B33F-4842-152A-A2B7-E12722A5AF5D">
<createdBy>Tam1</createdBy>
<createdTime>2018-04-15 17:38:10 UTC</createdTime>
<generatorID>D95ABE99-5903-B724-7009-1C19A0C7AD40</generatorID>
<ownerDesignName>new</ownerDesignName>
<nullsAllowed>true</nullsAllowed>
<useDomainConstraints>false</useDomainConstraints>
<use>1</use>
<logicalDatatype>LOGDT019</logicalDatatype>
<ownDataTypeParameters>,,</ownDataTypeParameters>
<autoIncrementCycle>false</autoIncrementCycle>
</Column>
<Column name="Student_id_student" id="ECC36A9F-652D-9D7E-88FC-7C475DFB922B">
<createdBy>Tam1</createdBy>
<createdTime>2018-04-15 17:38:10 UTC</createdTime>
<generatorID>68A82AF6-9013-07C8-BF7E-54F4F9BB87F1</generatorID>
<ownerDesignName>new</ownerDesignName>
<useDomainConstraints>false</useDomainConstraints>
<use>1</use>
<logicalDatatype>LOGDT011</logicalDatatype>
<ownDataTypeParameters>,,</ownDataTypeParameters>
<previousColumn>false</previousColumn>
<autoIncrementCycle>false</autoIncrementCycle>
<associations>
<colAssociation fkAssociation="EDD1E8A6-7475-9515-E950-E9553A3DC363" referredColumn="9302FA72-BF20-2948-FC5F-AA3DC20990CA"/>
</associations>
</Column>
</columns>
<indexes itemClass="oracle.dbtools.crest.model.design.relational.Index">
<ind_PK_UK id="D9B14EFE-229A-79E6-3240-BDB94F6AEAC4" name="Prefekt_PK">
<createdBy>Tam1</createdBy>
<createdTime>2018-04-15 17:38:10 UTC</createdTime>
<generatorID>C3652165-E446-99C6-7EC8-9829046E8FC3</generatorID>
<ownerDesignName>new</ownerDesignName>
<pk>true</pk>
<indexState>Primary Constraint</indexState>
<isSurrogateKey>false</isSurrogateKey>
<indexColumnUsage>
<colUsage columnID="ECC36A9F-652D-9D7E-88FC-7C475DFB922B"/>
</indexColumnUsage>
</ind_PK_UK>
<ind_PK_UK id="D9505EB1-74A2-507A-819A-1C4951C365E7" name="Prefekt_Student_FK">
<createdBy>Tam1</createdBy>
<createdTime>2018-04-15 17:38:10 UTC</createdTime>
<generatorID>2CD22430-157A-053A-BF8F-5EA4C7E217E6</generatorID>
<ownerDesignName>new</ownerDesignName>
<indexState>Foreign Key</indexState>
<isSurrogateKey>false</isSurrogateKey>
<indexColumnUsage>
<colUsage columnID="ECC36A9F-652D-9D7E-88FC-7C475DFB922B"/>
</indexColumnUsage>
</ind_PK_UK>
</indexes>
</Table>