<?xml version = '1.0' encoding = 'UTF-8'?>
<Table class="oracle.dbtools.crest.model.design.relational.Table" directorySegmentName="seg_0" id="A081DC10-3291-DA8B-80AD-F87EB8AB9BB5" name="Predmet">
<createdBy>Tam1</createdBy>
<createdTime>2018-04-15 17:38:10 UTC</createdTime>
<generatorID>B5C49E26-9A62-E1E0-8D89-4B241BF79E3A</generatorID>
<ownerDesignName>new</ownerDesignName>
<allowColumnReorder>false</allowColumnReorder>
<existDependencyGenerateInDDl>true</existDependencyGenerateInDDl>
<parsed>true</parsed>
<columns itemClass="oracle.dbtools.crest.model.design.relational.Column">
<Column name="nazev" id="C2BE575F-B665-650D-617A-AF42EC47520D">
<createdBy>Tam1</createdBy>
<createdTime>2018-04-15 17:38:10 UTC</createdTime>
<generatorID>09C2D7CD-0591-A48F-0B99-1FA44167C425</generatorID>
<ownerDesignName>new</ownerDesignName>
<useDomainConstraints>false</useDomainConstraints>
<use>1</use>
<logicalDatatype>LOGDT024</logicalDatatype>
<dataTypeSize>50 CHAR</dataTypeSize>
<ownDataTypeParameters>50 CHAR,,</ownDataTypeParameters>
<autoIncrementCycle>false</autoIncrementCycle>
</Column>
<Column name="Ucitel_Zamestnanec_id_zamestnanec" id="DA4832AF-0894-4F1D-B4DD-6D8EBDAF1EC4">
<createdBy>Tam1</createdBy>
<createdTime>2018-04-15 17:38:10 UTC</createdTime>
<generatorID>DC70D82D-8C88-2746-8F62-5BF2F1B94552</generatorID>
<ownerDesignName>new</ownerDesignName>
<useDomainConstraints>false</useDomainConstraints>
<use>1</use>
<logicalDatatype>LOGDT019</logicalDatatype>
<ownDataTypeParameters>,,</ownDataTypeParameters>
<previousColumn>false</previousColumn>
<autoIncrementCycle>false</autoIncrementCycle>
<associations>
<colAssociation fkAssociation="2AB89B93-4FA4-DEF6-A0AE-043BF933CC76" referredColumn="B970DC07-D3D7-8EF3-0BD7-EB0DB86E8A8E"/>
</associations>
</Column>
<Column name="Predmet_TYPE" id="3EFA6ECD-4E1E-C017-A749-0EF31A1EE5E0">
<createdBy>Tam1</createdBy>
<createdTime>2018-04-15 17:38:10 UTC</createdTime>
<ownerDesignName>new</ownerDesignName>
<constraintName>CH_INH_Predmet</constraintName>
<useDomainConstraints>false</useDomainConstraints>
<use>1</use>
<logicalDatatype>LOGDT024</logicalDatatype>
<dataTypeSize>17</dataTypeSize>
<listOfValues>
<valueDef value="Povinne_volitelny" description="entity Povinne_volitelny"/>
<valueDef value="Povinny" description="entity Povinny"/>
<valueDef value="Predmet" description="entity Predmet"/>
</listOfValues>
<ownDataTypeParameters>17,,</ownDataTypeParameters>
<autoIncrementCycle>false</autoIncrementCycle>
<isDiscriminatorColumn>true</isDiscriminatorColumn>
</Column>
</columns>
<indexes itemClass="oracle.dbtools.crest.model.design.relational.Index">
<ind_PK_UK id="726BD117-AF2A-F91D-06B8-F84A59352DB0" name="Predmet_PK">
<createdBy>Tam1</createdBy>
<createdTime>2018-04-15 17:38:10 UTC</createdTime>
<generatorID>3EF30935-8E0B-AFDF-8CC7-EAF1B460F18B</generatorID>
<ownerDesignName>new</ownerDesignName>
<pk>true</pk>
<indexState>Primary Constraint</indexState>
<isSurrogateKey>false</isSurrogateKey>
<indexColumnUsage>
<colUsage columnID="C2BE575F-B665-650D-617A-AF42EC47520D"/>
</indexColumnUsage>
</ind_PK_UK>
<ind_PK_UK id="745578DC-7FFD-F63F-F08D-864CDC01A520" name="Predmet__IDX">
<createdBy>Tam1</createdBy>
<createdTime>2018-04-15 17:38:10 UTC</createdTime>
<ownerDesignName>new</ownerDesignName>
<indexState>Unique Plain Index</indexState>
<isSurrogateKey>false</isSurrogateKey>
<relationGeneratorID>D17A6BEA-2B77-CDFF-9BFC-835039FFBCFB</relationGeneratorID>
<indexColumnUsage>
<colUsage columnID="DA4832AF-0894-4F1D-B4DD-6D8EBDAF1EC4"/>
</indexColumnUsage>
</ind_PK_UK>
<ind_PK_UK id="A350897B-DA2E-DEAE-5723-5603D8A25F81" name="Predmet_Ucitel_FK">
<createdBy>Tam1</createdBy>
<createdTime>2018-04-15 17:38:10 UTC</createdTime>
<generatorID>D17A6BEA-2B77-CDFF-9BFC-835039FFBCFB</generatorID>
<ownerDesignName>new</ownerDesignName>
<indexState>Foreign Key</indexState>
<isSurrogateKey>false</isSurrogateKey>
<indexColumnUsage>
<colUsage columnID="DA4832AF-0894-4F1D-B4DD-6D8EBDAF1EC4"/>
</indexColumnUsage>
</ind_PK_UK>
</indexes>
</Table>