<?xml version = '1.0' encoding = 'UTF-8'?>
<Table class="oracle.dbtools.crest.model.design.relational.Table" directorySegmentName="seg_0" id="DC1F2AAE-C327-B83A-AFB3-DF265FD813D5" name="Student">
<createdBy>Tam1</createdBy>
<createdTime>2018-04-15 17:38:10 UTC</createdTime>
<generatorID>63CB5728-F114-83D4-045C-2024D03D1877</generatorID>
<ownerDesignName>new</ownerDesignName>
<allowColumnReorder>false</allowColumnReorder>
<existDependencyGenerateInDDl>true</existDependencyGenerateInDDl>
<parsed>true</parsed>
<columns itemClass="oracle.dbtools.crest.model.design.relational.Column">
<Column name="id_student" id="9302FA72-BF20-2948-FC5F-AA3DC20990CA">
<createdBy>Tam1</createdBy>
<createdTime>2018-04-15 17:38:10 UTC</createdTime>
<generatorID>AB0FD6BC-D181-6FD7-3F38-10BAA9C830EF</generatorID>
<ownerDesignName>new</ownerDesignName>
<useDomainConstraints>false</useDomainConstraints>
<use>1</use>
<logicalDatatype>LOGDT011</logicalDatatype>
<ownDataTypeParameters>,,</ownDataTypeParameters>
<autoIncrementCycle>false</autoIncrementCycle>
</Column>
<Column name="jmeno" id="EFB6CD65-66A0-CA42-D536-0B0D5CCA63D7">
<createdBy>Tam1</createdBy>
<createdTime>2018-04-15 17:38:10 UTC</createdTime>
<generatorID>6C6CFDE8-F335-9D4C-9FCB-5B850398F217</generatorID>
<ownerDesignName>new</ownerDesignName>
<useDomainConstraints>false</useDomainConstraints>
<use>1</use>
<logicalDatatype>LOGDT024</logicalDatatype>
<dataTypeSize>20 CHAR</dataTypeSize>
<ownDataTypeParameters>20 CHAR,,</ownDataTypeParameters>
<autoIncrementCycle>false</autoIncrementCycle>
</Column>
<Column name="prijmeni" id="44CE374E-7513-326E-F36F-3C49CD83CCD5">
<createdBy>Tam1</createdBy>
<createdTime>2018-04-15 17:38:10 UTC</createdTime>
<generatorID>402B0CFC-18F1-B1C0-F36F-BFE43B629BD0</generatorID>
<ownerDesignName>new</ownerDesignName>
<useDomainConstraints>false</useDomainConstraints>
<use>1</use>
<logicalDatatype>LOGDT024</logicalDatatype>
<dataTypeSize>20 CHAR</dataTypeSize>
<ownDataTypeParameters>20 CHAR,,</ownDataTypeParameters>
<autoIncrementCycle>false</autoIncrementCycle>
</Column>
<Column name="rok_narozeni" id="37EFAB08-17EE-A35B-379B-3EA2356FBE0B">
<createdBy>Tam1</createdBy>
<createdTime>2018-04-15 17:38:10 UTC</createdTime>
<generatorID>D9490C29-BB4C-C86B-BAA8-E17538CE75E9</generatorID>
<ownerDesignName>new</ownerDesignName>
<useDomainConstraints>false</useDomainConstraints>
<use>1</use>
<logicalDatatype>LOGDT011</logicalDatatype>
<ownDataTypeParameters>,,</ownDataTypeParameters>
<autoIncrementCycle>false</autoIncrementCycle>
</Column>
<Column name="hulka" id="82DD7D3C-4C43-6D4D-6D8C-6986F2832B89">
<createdBy>Tam1</createdBy>
<createdTime>2018-04-15 17:38:10 UTC</createdTime>
<generatorID>5147354F-E52E-B2D6-B7EE-DD4EE5ADFC92</generatorID>
<ownerDesignName>new</ownerDesignName>
<nullsAllowed>true</nullsAllowed>
<useDomainConstraints>false</useDomainConstraints>
<use>1</use>
<logicalDatatype>LOGDT024</logicalDatatype>
<dataTypeSize>30 CHAR</dataTypeSize>
<ownDataTypeParameters>30 CHAR,,</ownDataTypeParameters>
<autoIncrementCycle>false</autoIncrementCycle>
</Column>
<Column name="sova" id="AEEEC97C-D70F-1DC5-8DE1-40F3036B229F">
<createdBy>Tam1</createdBy>
<createdTime>2018-04-15 17:38:10 UTC</createdTime>
<generatorID>4F18020B-78F5-07AF-4723-96354AA870A0</generatorID>
<ownerDesignName>new</ownerDesignName>
<nullsAllowed>true</nullsAllowed>
<useDomainConstraints>false</useDomainConstraints>
<use>1</use>
<logicalDatatype>LOGDT024</logicalDatatype>
<dataTypeSize>30 CHAR</dataTypeSize>
<ownDataTypeParameters>30 CHAR,,</ownDataTypeParameters>
<autoIncrementCycle>false</autoIncrementCycle>
</Column>
<Column name="Adresa_adresa_key" id="D7F6C715-6F85-1C85-21AA-941E897137DD">
<createdBy>Tam1</createdBy>
<createdTime>2018-04-15 17:38:10 UTC</createdTime>
<generatorID>66908D3C-3E10-B97F-819D-03D1CF87806C</generatorID>
<ownerDesignName>new</ownerDesignName>
<useDomainConstraints>false</useDomainConstraints>
<use>1</use>
<logicalDatatype>LOGDT011</logicalDatatype>
<ownDataTypeParameters>,,</ownDataTypeParameters>
<previousColumn>false</previousColumn>
<autoIncrementCycle>false</autoIncrementCycle>
<associations>
<colAssociation fkAssociation="A9DFCEF9-4849-4126-C365-4F283F233449" referredColumn="15FA0154-1B93-3C44-56B8-551B4E85CD39"/>
</associations>
</Column>
<Column name="Rocnik_id_rocnik" id="0ECA82B6-7F38-5756-9C51-5A3FEF5D5679">
<createdBy>Tam1</createdBy>
<createdTime>2018-04-15 17:38:10 UTC</createdTime>
<generatorID>5C5E20CF-773C-71D5-3834-F0E0B045EEC7</generatorID>
<ownerDesignName>new</ownerDesignName>
<useDomainConstraints>false</useDomainConstraints>
<use>1</use>
<logicalDatatype>LOGDT011</logicalDatatype>
<ownDataTypeParameters>,,</ownDataTypeParameters>
<previousColumn>false</previousColumn>
<autoIncrementCycle>false</autoIncrementCycle>
<associations>
<colAssociation fkAssociation="3BD32632-04C6-A426-C368-6B553DFE8231" referredColumn="BA7319F3-E298-F0C2-CAAB-D5D909D170D7"/>
</associations>
</Column>
<Column name="Kolej_nazev_koleje" id="B6003606-F633-EC29-7CD2-1A369CD3B745">
<createdBy>Tam1</createdBy>
<createdTime>2018-04-15 17:38:10 UTC</createdTime>
<generatorID>59C92C8B-AD21-E929-BB88-8FD776EB1E07</generatorID>
<ownerDesignName>new</ownerDesignName>
<useDomainConstraints>false</useDomainConstraints>
<use>1</use>
<logicalDatatype>LOGDT024</logicalDatatype>
<dataTypeSize>20</dataTypeSize>
<ownDataTypeParameters>,,</ownDataTypeParameters>
<previousColumn>false</previousColumn>
<autoIncrementCycle>false</autoIncrementCycle>
<associations>
<colAssociation fkAssociation="D9282EDF-9874-DD39-1015-9492CE38EEB8" referredColumn="06964023-4824-23D7-6F3A-9E7C9955E112"/>
</associations>
</Column>
</columns>
<indexes itemClass="oracle.dbtools.crest.model.design.relational.Index">
<ind_PK_UK id="4A76A0C8-78BE-B4AA-BD16-B1671A80EAB6" name="Student_PK">
<createdBy>Tam1</createdBy>
<createdTime>2018-04-15 17:38:10 UTC</createdTime>
<generatorID>15C8522B-C1BD-209D-8A77-6D0E2FD68B34</generatorID>
<ownerDesignName>new</ownerDesignName>
<pk>true</pk>
<indexState>Primary Constraint</indexState>
<isSurrogateKey>false</isSurrogateKey>
<indexColumnUsage>
<colUsage columnID="9302FA72-BF20-2948-FC5F-AA3DC20990CA"/>
</indexColumnUsage>
</ind_PK_UK>
<ind_PK_UK id="FE95DD56-510E-6C10-5035-4803A8C111DE" name="Student_Kolej_FK">
<createdBy>Tam1</createdBy>
<createdTime>2018-04-15 17:38:10 UTC</createdTime>
<generatorID>644CB938-CD4E-8FAF-0B1F-EBF4E3014E56</generatorID>
<ownerDesignName>new</ownerDesignName>
<indexState>Foreign Key</indexState>
<isSurrogateKey>false</isSurrogateKey>
<indexColumnUsage>
<colUsage columnID="B6003606-F633-EC29-7CD2-1A369CD3B745"/>
</indexColumnUsage>
</ind_PK_UK>
<ind_PK_UK id="94F4EEBB-A11B-41B8-3611-82C6AB98491E" name="Student_Adresa_FK">
<createdBy>Tam1</createdBy>
<createdTime>2018-04-15 17:38:10 UTC</createdTime>
<generatorID>F911E3C1-AD75-4B28-5455-D0AB17D7CA33</generatorID>
<ownerDesignName>new</ownerDesignName>
<indexState>Foreign Key</indexState>
<isSurrogateKey>false</isSurrogateKey>
<indexColumnUsage>
<colUsage columnID="D7F6C715-6F85-1C85-21AA-941E897137DD"/>
</indexColumnUsage>
</ind_PK_UK>
<ind_PK_UK id="EFA2C80C-AC23-4704-B474-92E2DB8869ED" name="Student_Rocnik_FK">
<createdBy>Tam1</createdBy>
<createdTime>2018-04-15 17:38:10 UTC</createdTime>
<generatorID>413FC8A8-97AD-D8F2-D98F-968456F94BF1</generatorID>
<ownerDesignName>new</ownerDesignName>
<indexState>Foreign Key</indexState>
<isSurrogateKey>false</isSurrogateKey>
<indexColumnUsage>
<colUsage columnID="0ECA82B6-7F38-5756-9C51-5A3FEF5D5679"/>
</indexColumnUsage>
</ind_PK_UK>
</indexes>
</Table>