<?xml version = '1.0' encoding = 'UTF-8'?>
<Table class="oracle.dbtools.crest.model.design.relational.Table" directorySegmentName="seg_0" id="EF5E0929-A8AB-6501-3EF2-EE4C0C4AB965" name="Primus">
<createdBy>Tam1</createdBy>
<createdTime>2018-04-15 17:38:10 UTC</createdTime>
<generatorID>C192437C-6B5F-9B91-4DE2-8527339021D2</generatorID>
<ownerDesignName>new</ownerDesignName>
<allowColumnReorder>false</allowColumnReorder>
<existDependencyGenerateInDDl>true</existDependencyGenerateInDDl>
<parsed>true</parsed>
<columns itemClass="oracle.dbtools.crest.model.design.relational.Column">
<Column name="prezdivka" id="0DD42A86-3120-ADC5-879B-2088351D0439">
<createdBy>Tam1</createdBy>
<createdTime>2018-04-15 17:38:10 UTC</createdTime>
<generatorID>2563DF1C-D869-CDBF-FCD7-1074A65E1BA1</generatorID>
<ownerDesignName>new</ownerDesignName>
<nullsAllowed>true</nullsAllowed>
<useDomainConstraints>false</useDomainConstraints>
<use>1</use>
<logicalDatatype>LOGDT024</logicalDatatype>
<dataTypeSize>20 CHAR</dataTypeSize>
<ownDataTypeParameters>20 CHAR,,</ownDataTypeParameters>
<autoIncrementCycle>false</autoIncrementCycle>
</Column>
<Column name="Prefekt_Student_id_student" id="4CA91684-63B1-7EE8-64D5-BF86ED30F3BE">
<createdBy>Tam1</createdBy>
<createdTime>2018-04-15 17:38:10 UTC</createdTime>
<generatorID>D0B17C1A-6E71-CF24-324B-5F7CD5380E8C</generatorID>
<ownerDesignName>new</ownerDesignName>
<useDomainConstraints>false</useDomainConstraints>
<use>1</use>
<logicalDatatype>LOGDT011</logicalDatatype>
<ownDataTypeParameters>,,</ownDataTypeParameters>
<previousColumn>false</previousColumn>
<autoIncrementCycle>false</autoIncrementCycle>
<associations>
<colAssociation fkAssociation="C13E4585-7ED1-7AE2-97E1-768D71DDE8EA" referredColumn="ECC36A9F-652D-9D7E-88FC-7C475DFB922B"/>
</associations>
</Column>
</columns>
<indexes itemClass="oracle.dbtools.crest.model.design.relational.Index">
<ind_PK_UK id="FF7CA9C2-61E9-DE05-D6C7-60A95C3C1D5D" name="Primus_PK">
<createdBy>Tam1</createdBy>
<createdTime>2018-04-15 17:38:10 UTC</createdTime>
<generatorID>242B0622-229A-A3C9-2E6E-1B50044D41E9</generatorID>
<ownerDesignName>new</ownerDesignName>
<pk>true</pk>
<indexState>Primary Constraint</indexState>
<isSurrogateKey>false</isSurrogateKey>
<indexColumnUsage>
<colUsage columnID="4CA91684-63B1-7EE8-64D5-BF86ED30F3BE"/>
</indexColumnUsage>
</ind_PK_UK>
<ind_PK_UK id="9AF6FCBE-969E-FBDC-7144-6ED420C89BC3" name="Primus_Prefekt_FK">
<createdBy>Tam1</createdBy>
<createdTime>2018-04-15 17:38:10 UTC</createdTime>
<generatorID>E8AFB1AE-1C5B-0ACE-AB19-D0C30A5D7DC6</generatorID>
<ownerDesignName>new</ownerDesignName>
<indexState>Foreign Key</indexState>
<isSurrogateKey>false</isSurrogateKey>
<indexColumnUsage>
<colUsage columnID="4CA91684-63B1-7EE8-64D5-BF86ED30F3BE"/>
</indexColumnUsage>
</ind_PK_UK>
</indexes>
</Table>