<?xml version = '1.0' encoding = 'UTF-8'?>
<Table class="oracle.dbtools.crest.model.design.relational.Table" directorySegmentName="seg_0" id="FA61D119-7627-CC3D-9FE1-1711018A81A0" name="predmet_v_rocniku">
<createdBy>Tam1</createdBy>
<createdTime>2018-04-15 17:38:10 UTC</createdTime>
<ownerDesignName>new</ownerDesignName>
<allowColumnReorder>false</allowColumnReorder>
<existDependencyGenerateInDDl>true</existDependencyGenerateInDDl>
<parsed>true</parsed>
<columns itemClass="oracle.dbtools.crest.model.design.relational.Column">
<Column name="Rocnik_id_rocnik" id="A10E2550-64CD-6E88-1C4F-3E827EDD184A">
<createdBy>Tam1</createdBy>
<createdTime>2018-04-15 17:38:10 UTC</createdTime>
<ownerDesignName>new</ownerDesignName>
<useDomainConstraints>false</useDomainConstraints>
<use>1</use>
<logicalDatatype>LOGDT011</logicalDatatype>
<ownDataTypeParameters>,,</ownDataTypeParameters>
<previousColumn>false</previousColumn>
<autoIncrementCycle>false</autoIncrementCycle>
<associations>
<colAssociation fkAssociation="91C51B3E-2A2A-BFE6-856C-F04F855ED07F" referredColumn="BA7319F3-E298-F0C2-CAAB-D5D909D170D7"/>
</associations>
</Column>
<Column name="Povinny_nazev" id="3FBD854B-AEA8-B389-E156-F5BFFE58A5E2">
<createdBy>Tam1</createdBy>
<createdTime>2018-04-15 17:38:10 UTC</createdTime>
<ownerDesignName>new</ownerDesignName>
<useDomainConstraints>false</useDomainConstraints>
<use>1</use>
<logicalDatatype>LOGDT024</logicalDatatype>
<dataTypeSize>50 CHAR</dataTypeSize>
<ownDataTypeParameters>,,</ownDataTypeParameters>
<previousColumn>false</previousColumn>
<autoIncrementCycle>false</autoIncrementCycle>
<associations>
<colAssociation fkAssociation="AAC6A41C-3C8E-BDDF-C578-D54CB4E71C56" referredColumn="549F51AC-9729-1AEF-CE1D-F83341D3035E"/>
</associations>
</Column>
</columns>
<indexes itemClass="oracle.dbtools.crest.model.design.relational.Index">
<ind_PK_UK id="31D46BE9-0A03-26E6-CA48-C15900DB765E" name="predmet_v_rocniku_PK">
<createdBy>Tam1</createdBy>
<createdTime>2018-04-15 17:38:10 UTC</createdTime>
<ownerDesignName>new</ownerDesignName>
<pk>true</pk>
<indexState>Primary Constraint</indexState>
<isSurrogateKey>false</isSurrogateKey>
<indexColumnUsage>
<colUsage columnID="A10E2550-64CD-6E88-1C4F-3E827EDD184A"/>
<colUsage columnID="3FBD854B-AEA8-B389-E156-F5BFFE58A5E2"/>
</indexColumnUsage>
</ind_PK_UK>
<ind_PK_UK id="AF59782B-D199-073F-D084-943CDE2FBFA9" name="predmet_v_rocniku_Rocnik_FK">
<createdBy>Tam1</createdBy>
<createdTime>2018-04-15 17:38:10 UTC</createdTime>
<generatorID>D4004BFC-8AD5-5975-9BB4-E83086FAD1A8</generatorID>
<ownerDesignName>new</ownerDesignName>
<indexState>Foreign Key</indexState>
<isSurrogateKey>false</isSurrogateKey>
<indexColumnUsage>
<colUsage columnID="A10E2550-64CD-6E88-1C4F-3E827EDD184A"/>
</indexColumnUsage>
</ind_PK_UK>
<ind_PK_UK id="DE96804B-86DB-8847-5546-16FD27AC9DCE" name="predmet_v_rocniku_Povinny_FK">
<createdBy>Tam1</createdBy>
<createdTime>2018-04-15 17:38:10 UTC</createdTime>
<generatorID>D4004BFC-8AD5-5975-9BB4-E83086FAD1A8</generatorID>
<ownerDesignName>new</ownerDesignName>
<indexState>Foreign Key</indexState>
<isSurrogateKey>false</isSurrogateKey>
<indexColumnUsage>
<colUsage columnID="3FBD854B-AEA8-B389-E156-F5BFFE58A5E2"/>
</indexColumnUsage>
</ind_PK_UK>
</indexes>
</Table>