<?xml version = '1.0' encoding = 'UTF-8'?>
<Table class="oracle.dbtools.crest.model.design.relational.Table" directorySegmentName="seg_0" id="FAF10E8B-C4F6-7B53-73EE-A2D5E88DA5FF" name="Zamestnanec">
<createdBy>Tam1</createdBy>
<createdTime>2018-04-15 17:38:10 UTC</createdTime>
<generatorID>E90615ED-FBD0-58AD-2705-1ABDEACAA960</generatorID>
<ownerDesignName>new</ownerDesignName>
<allowColumnReorder>false</allowColumnReorder>
<existDependencyGenerateInDDl>true</existDependencyGenerateInDDl>
<parsed>true</parsed>
<columns itemClass="oracle.dbtools.crest.model.design.relational.Column">
<Column name="id_zamestnanec" id="38B46D7D-7322-B2BC-A601-C58CC8E89C9E">
<createdBy>Tam1</createdBy>
<createdTime>2018-04-15 17:38:10 UTC</createdTime>
<generatorID>166ED67B-706A-C3E3-C6D6-5533257A938D</generatorID>
<ownerDesignName>new</ownerDesignName>
<useDomainConstraints>false</useDomainConstraints>
<use>1</use>
<logicalDatatype>LOGDT019</logicalDatatype>
<ownDataTypeParameters>,,</ownDataTypeParameters>
<autoIncrementCycle>false</autoIncrementCycle>
</Column>
<Column name="jmeno" id="FB4B3FEE-5EDC-BA03-CB9A-BCB07F664ADB">
<createdBy>Tam1</createdBy>
<createdTime>2018-04-15 17:38:10 UTC</createdTime>
<generatorID>ED355FA8-35F1-9C14-F29F-750DFE1D449F</generatorID>
<ownerDesignName>new</ownerDesignName>
<useDomainConstraints>false</useDomainConstraints>
<use>1</use>
<logicalDatatype>LOGDT024</logicalDatatype>
<dataTypeSize>20 CHAR</dataTypeSize>
<ownDataTypeParameters>20 CHAR,,</ownDataTypeParameters>
<autoIncrementCycle>false</autoIncrementCycle>
</Column>
<Column name="prijmeni" id="060DBCD8-A08C-4A2C-733C-801EC383B22E">
<createdBy>Tam1</createdBy>
<createdTime>2018-04-15 17:38:10 UTC</createdTime>
<generatorID>36C066DB-86CE-C93D-5F38-C02965331793</generatorID>
<ownerDesignName>new</ownerDesignName>
<useDomainConstraints>false</useDomainConstraints>
<use>1</use>
<logicalDatatype>LOGDT024</logicalDatatype>
<dataTypeSize>20 CHAR</dataTypeSize>
<ownDataTypeParameters>20 CHAR,,</ownDataTypeParameters>
<autoIncrementCycle>false</autoIncrementCycle>
</Column>
<Column name="rok_narozeni" id="4BB3F843-0592-9702-C940-4B24093D49B0">
<createdBy>Tam1</createdBy>
<createdTime>2018-04-15 17:38:10 UTC</createdTime>
<generatorID>4D31BAFA-B76C-688A-1FE5-862560821E98</generatorID>
<ownerDesignName>new</ownerDesignName>
<useDomainConstraints>false</useDomainConstraints>
<use>1</use>
<logicalDatatype>LOGDT011</logicalDatatype>
<ownDataTypeParameters>,,</ownDataTypeParameters>
<autoIncrementCycle>false</autoIncrementCycle>
</Column>
<Column name="vyse_platu" id="40FB645E-048F-8805-2EFC-AA603D2ACE87">
<createdBy>Tam1</createdBy>
<createdTime>2018-04-15 17:38:10 UTC</createdTime>
<generatorID>B3B6BF09-171D-7B17-6799-C642085C0DA7</generatorID>
<ownerDesignName>new</ownerDesignName>
<nullsAllowed>true</nullsAllowed>
<useDomainConstraints>false</useDomainConstraints>
<use>1</use>
<logicalDatatype>LOGDT019</logicalDatatype>
<ownDataTypeParameters>,,</ownDataTypeParameters>
<autoIncrementCycle>false</autoIncrementCycle>
</Column>
<Column name="Adresa_adresa_key" id="85E7BAC7-1054-CCA9-3C3E-891548450CD7">
<createdBy>Tam1</createdBy>
<createdTime>2018-04-15 17:38:10 UTC</createdTime>
<generatorID>659D0BA2-0D21-B1F7-201B-E639F7B9745F</generatorID>
<ownerDesignName>new</ownerDesignName>
<useDomainConstraints>false</useDomainConstraints>
<use>1</use>
<logicalDatatype>LOGDT011</logicalDatatype>
<ownDataTypeParameters>,,</ownDataTypeParameters>
<previousColumn>false</previousColumn>
<autoIncrementCycle>false</autoIncrementCycle>
<associations>
<colAssociation fkAssociation="736F0829-E5C0-928A-3183-E254E9C8D322" referredColumn="15FA0154-1B93-3C44-56B8-551B4E85CD39"/>
</associations>
</Column>
</columns>
<indexes itemClass="oracle.dbtools.crest.model.design.relational.Index">
<ind_PK_UK id="68E8FCD5-68F4-AD33-F6CB-E34977A0FB85" name="Zamestnanec_PK">
<createdBy>Tam1</createdBy>
<createdTime>2018-04-15 17:38:10 UTC</createdTime>
<generatorID>DABC2767-8F27-8C26-823E-E211B60F53FE</generatorID>
<ownerDesignName>new</ownerDesignName>
<pk>true</pk>
<indexState>Primary Constraint</indexState>
<isSurrogateKey>false</isSurrogateKey>
<indexColumnUsage>
<colUsage columnID="38B46D7D-7322-B2BC-A601-C58CC8E89C9E"/>
</indexColumnUsage>
</ind_PK_UK>
<ind_PK_UK id="B324CE76-0BB0-E236-6DB2-105AEF2961EF" name="Zamestnanec_Adresa_FK">
<createdBy>Tam1</createdBy>
<createdTime>2018-04-15 17:38:10 UTC</createdTime>
<generatorID>3A6002E7-EAE4-AD55-ACA0-9863423D9D75</generatorID>
<ownerDesignName>new</ownerDesignName>
<indexState>Foreign Key</indexState>
<isSurrogateKey>false</isSurrogateKey>
<indexColumnUsage>
<colUsage columnID="85E7BAC7-1054-CCA9-3C3E-891548450CD7"/>
</indexColumnUsage>
</ind_PK_UK>
</indexes>
</Table>