<?xml version = '1.0' encoding = 'UTF-8'?>
<Table class="oracle.dbtools.crest.model.design.relational.Table" directorySegmentName="seg_0" id="FBC91ED0-0AE0-021E-0CA5-FDBB69D79A21" name="Hrac">
<createdBy>Tam1</createdBy>
<createdTime>2018-04-15 17:38:10 UTC</createdTime>
<generatorID>60DB2AA7-E5E2-B7ED-A550-91A9D27269D0</generatorID>
<ownerDesignName>new</ownerDesignName>
<allowColumnReorder>false</allowColumnReorder>
<existDependencyGenerateInDDl>true</existDependencyGenerateInDDl>
<parsed>true</parsed>
<columns itemClass="oracle.dbtools.crest.model.design.relational.Column">
<Column name="cislo" id="40F4DA54-40C0-1D78-D342-647CFEBA5170">
<createdBy>Tam1</createdBy>
<createdTime>2018-04-15 17:38:10 UTC</createdTime>
<generatorID>16D73E34-5A87-7BF8-0207-2E570644213B</generatorID>
<ownerDesignName>new</ownerDesignName>
<useDomainConstraints>false</useDomainConstraints>
<use>1</use>
<logicalDatatype>LOGDT011</logicalDatatype>
<ownDataTypeParameters>,,</ownDataTypeParameters>
<autoIncrementCycle>false</autoIncrementCycle>
</Column>
<Column name="pozice" id="5F4207B7-7D32-0E43-68A2-E7DE2294ADFE">
<createdBy>Tam1</createdBy>
<createdTime>2018-04-15 17:38:10 UTC</createdTime>
<generatorID>62986FEE-1E81-1251-564C-0B35B46F24B0</generatorID>
<ownerDesignName>new</ownerDesignName>
<useDomainConstraints>false</useDomainConstraints>
<use>1</use>
<logicalDatatype>LOGDT024</logicalDatatype>
<dataTypeSize>20 CHAR</dataTypeSize>
<ownDataTypeParameters>20 CHAR,,</ownDataTypeParameters>
<autoIncrementCycle>false</autoIncrementCycle>
</Column>
<Column name="koste" id="8E7DCFF4-6BD2-F7B7-7CB0-69074701BECE">
<createdBy>Tam1</createdBy>
<createdTime>2018-04-15 17:38:10 UTC</createdTime>
<generatorID>0792E375-B5AE-1C13-6415-E722F08CAADA</generatorID>
<ownerDesignName>new</ownerDesignName>
<nullsAllowed>true</nullsAllowed>
<useDomainConstraints>false</useDomainConstraints>
<use>1</use>
<logicalDatatype>LOGDT024</logicalDatatype>
<dataTypeSize>20 CHAR</dataTypeSize>
<ownDataTypeParameters>20 CHAR,,</ownDataTypeParameters>
<autoIncrementCycle>false</autoIncrementCycle>
</Column>
<Column name="Student_id_student" id="D5994BE8-3F9F-E269-8149-8DD94640862D">
<createdBy>Tam1</createdBy>
<createdTime>2018-04-15 17:38:10 UTC</createdTime>
<generatorID>78933288-612F-E206-4054-51FA21525AF3</generatorID>
<ownerDesignName>new</ownerDesignName>
<useDomainConstraints>false</useDomainConstraints>
<use>1</use>
<logicalDatatype>LOGDT011</logicalDatatype>
<ownDataTypeParameters>,,</ownDataTypeParameters>
<previousColumn>false</previousColumn>
<autoIncrementCycle>false</autoIncrementCycle>
<associations>
<colAssociation fkAssociation="9CB19085-80A1-B9AC-B67D-4D0C6173ED22" referredColumn="9302FA72-BF20-2948-FC5F-AA3DC20990CA"/>
</associations>
</Column>
<Column name="Famfrpalovy_tym_Kolej_nazev_koleje" id="9616E117-0A23-224E-DB58-2833B389B68E">
<createdBy>Tam1</createdBy>
<createdTime>2018-04-15 17:38:10 UTC</createdTime>
<generatorID>CA169DDC-CE85-6E64-6D97-8F59EC924B3E</generatorID>
<ownerDesignName>new</ownerDesignName>
<useDomainConstraints>false</useDomainConstraints>
<use>1</use>
<logicalDatatype>LOGDT024</logicalDatatype>
<dataTypeSize>20</dataTypeSize>
<ownDataTypeParameters>,,</ownDataTypeParameters>
<previousColumn>false</previousColumn>
<autoIncrementCycle>false</autoIncrementCycle>
<associations>
<colAssociation fkAssociation="587A6130-06AB-2E41-A434-3F0E14AA6729" referredColumn="2ADB6CA7-69C5-5D97-05FE-626D5CA5795A"/>
</associations>
</Column>
</columns>
<indexes itemClass="oracle.dbtools.crest.model.design.relational.Index">
<ind_PK_UK id="1E884199-8768-2742-3623-0F5D7184DE9C" name="Hrac_PK">
<createdBy>Tam1</createdBy>
<createdTime>2018-04-15 17:38:10 UTC</createdTime>
<generatorID>DEB824B9-C2E2-B3D9-B5C9-8EEC9A199BDE</generatorID>
<ownerDesignName>new</ownerDesignName>
<pk>true</pk>
<indexState>Primary Constraint</indexState>
<isSurrogateKey>false</isSurrogateKey>
<indexColumnUsage>
<colUsage columnID="D5994BE8-3F9F-E269-8149-8DD94640862D"/>
</indexColumnUsage>
</ind_PK_UK>
<ind_PK_UK id="47281C94-CDE2-6D63-7740-F2BEFB6F5AB0" name="Hrac_Student_FK">
<createdBy>Tam1</createdBy>
<createdTime>2018-04-15 17:38:10 UTC</createdTime>
<generatorID>CAEECD56-ABDA-2BC1-5F53-5F3274E6B93C</generatorID>
<ownerDesignName>new</ownerDesignName>
<indexState>Foreign Key</indexState>
<isSurrogateKey>false</isSurrogateKey>
<indexColumnUsage>
<colUsage columnID="D5994BE8-3F9F-E269-8149-8DD94640862D"/>
</indexColumnUsage>
</ind_PK_UK>
<ind_PK_UK id="7F1158CA-949A-9D24-1E8B-8EADD3DC42D8" name="Hrac_Famfrpalovy_tym_FK">
<createdBy>Tam1</createdBy>
<createdTime>2018-04-15 17:38:10 UTC</createdTime>
<generatorID>CC9FFE69-6F80-DB1C-462A-DA78DF3106DD</generatorID>
<ownerDesignName>new</ownerDesignName>
<indexState>Foreign Key</indexState>
<isSurrogateKey>false</isSurrogateKey>
<indexColumnUsage>
<colUsage columnID="9616E117-0A23-224E-DB58-2833B389B68E"/>
</indexColumnUsage>
</ind_PK_UK>
</indexes>
</Table>