<?xml version = '1.0' encoding = 'UTF-8'?>
<Arc class="oracle.dbtools.crest.model.design.logical.Arc" directorySegmentName="seg_0" id="17CEDBFA-B0B9-32CC-9E0B-9EC0605FC4E0" name="Arc_1">
<createdBy>Tam1</createdBy>
<createdTime>2018-03-15 18:14:24 UTC</createdTime>
<ownerDesignName>konceptual_schema</ownerDesignName>
<engineerTo>
<item key="F6EB149E-9C50-35F9-456A-6299C4BC57C1" value="true"/>
</engineerTo>
<entity>E90615ED-FBD0-58AD-2705-1ABDEACAA960</entity>
<relations>
<relationID>30E31192-D988-A081-9EDB-3F56AFEA53CC</relationID>
<relationID>51D618A4-9D94-29F8-51B9-4087B72A54F4</relationID>
<relationID>112F694E-99B3-D57E-B084-EC91CFEF04B9</relationID>
</relations>
</Arc>