<?xml version = '1.0' encoding = 'UTF-8'?>
<Diagram class="oracle.dbtools.crest.swingui.relational.DPVRelational" name="relacni_schema" id="97B28E89-1BE6-21E0-C21F-C3B1A7D16329">
<createdBy>Tam1</createdBy>
<modifiedBy>Tam1</modifiedBy>
<createdTime>2018-04-15 17:26:16 UTC</createdTime>
<autoRoute>false</autoRoute>
<boxInbox>true</boxInbox>
<showLegend>false</showLegend>
<showLabels>true</showLabels>
<showRelAttributes>false</showRelAttributes>
<gridEnabled>false</gridEnabled>
<showGrid>false</showGrid>
<diagramColor>-1</diagramColor>
<display>false</display>
<notation>1</notation>
<objectViews>
<OView class="oracle.dbtools.crest.swingui.relational.TVTable" oid="06C31C11-240E-6F52-6F24-0918AC661925" otype="Table" vid="88DC2873-722C-2F65-BB60-51E94940A374">
<hideElementsInCurrentOnly>false</hideElementsInCurrentOnly>
<bounds x="25" y="472" width="185" height="75"/>
</OView>
<OView class="oracle.dbtools.crest.swingui.relational.TVTable" oid="0CCA4C39-B18B-8642-BFE4-FA513B70E384" otype="Table" vid="ED518E9A-730F-28EF-FF00-8D4E1EA78326">
<hideElementsInCurrentOnly>false</hideElementsInCurrentOnly>
<bounds x="24" y="250" width="184" height="79"/>
</OView>
<OView class="oracle.dbtools.crest.swingui.relational.TVTable" oid="0D28D1DF-1968-3CE2-8EEC-1989C75B348D" otype="Table" vid="E2F838C5-C89D-D709-BCC8-1F2C453F0D9F">
<hideElementsInCurrentOnly>false</hideElementsInCurrentOnly>
<bounds x="762" y="394" width="198" height="66"/>
</OView>
<OView class="oracle.dbtools.crest.swingui.relational.TVTable" oid="1C05A3E0-B9E0-79E1-698A-F24D4313DC73" otype="Table" vid="0EFC1D02-45A5-E462-1C62-2BA497B7F76B">
<hideElementsInCurrentOnly>false</hideElementsInCurrentOnly>
<bounds x="589" y="156" width="143" height="66"/>
</OView>
<OView class="oracle.dbtools.crest.swingui.relational.TVTable" oid="2DCC7B11-9E0D-57D2-A747-1E5B0E675A7B" otype="Table" vid="55B75A3A-9993-C498-D125-249790614A0E">
<hideElementsInCurrentOnly>false</hideElementsInCurrentOnly>
<bounds x="360" y="415" width="182" height="59"/>
</OView>
<OView class="oracle.dbtools.crest.swingui.relational.TVTable" oid="637A804C-6508-F834-6CA1-007719EC9ED4" otype="Table" vid="2BEB3270-9D24-412D-7877-767B1EAD8F93">
<hideElementsInCurrentOnly>false</hideElementsInCurrentOnly>
<bounds x="312" y="556" width="200" height="70"/>
</OView>
<OView class="oracle.dbtools.crest.swingui.relational.TVTable" oid="75509F25-C2D1-1A7D-1046-ED64A4665139" otype="Table" vid="600A5BCF-AB32-86E9-38AD-0CC04DA20B4D">
<hideElementsInCurrentOnly>false</hideElementsInCurrentOnly>
<bounds x="360" y="45" width="131" height="53"/>
</OView>
<OView class="oracle.dbtools.crest.swingui.relational.TVTable" oid="78A5547C-5ABE-E095-6FA6-4C9823BBEE62" otype="Table" vid="3D8EFA9A-4ED7-48A8-BA2C-F67E5D9E0BED">
<hideElementsInCurrentOnly>false</hideElementsInCurrentOnly>
<bounds x="602" y="15" width="147" height="66"/>
</OView>
<OView class="oracle.dbtools.crest.swingui.relational.TVTable" oid="80FC766C-C4D2-B123-B655-1E030377B362" otype="Table" vid="E05148DF-BDAE-BAB5-5C05-6095D3D80E13">
<hideElementsInCurrentOnly>false</hideElementsInCurrentOnly>
<bounds x="936" y="95" width="148" height="60"/>
</OView>
<OView class="oracle.dbtools.crest.swingui.relational.TVTable" oid="95597616-B8F7-8C1A-A8C6-4BE621A5C1C7" otype="Table" vid="941FA956-807F-AC8D-80B0-EE2D1CDC3797">
<hideElementsInCurrentOnly>false</hideElementsInCurrentOnly>
<bounds x="361" y="132" width="132" height="47"/>
</OView>
<OView class="oracle.dbtools.crest.swingui.relational.TVTable" oid="A033E4FD-B9B6-95B3-A94D-D1318C39F066" otype="Table" vid="0EFF0C28-A036-FC8F-4CF5-7F57EA61E73F">
<hideElementsInCurrentOnly>false</hideElementsInCurrentOnly>
<bounds x="1108" y="327" width="159" height="61"/>
</OView>
<OView class="oracle.dbtools.crest.swingui.relational.TVTable" oid="A081DC10-3291-DA8B-80AD-F87EB8AB9BB5" otype="Table" vid="3678364F-6372-6B90-AECA-4AB0C589DE54">
<hideElementsInCurrentOnly>false</hideElementsInCurrentOnly>
<bounds x="343" y="258" width="203" height="92"/>
</OView>
<OView class="oracle.dbtools.crest.swingui.relational.TVTable" oid="DC1F2AAE-C327-B83A-AFB3-DF265FD813D5" otype="Table" vid="81F18F54-82C5-1673-637B-3D9C473D10FF">
<hideElementsInCurrentOnly>false</hideElementsInCurrentOnly>
<bounds x="1030" y="517" width="160" height="122"/>
</OView>
<OView class="oracle.dbtools.crest.swingui.relational.TVTable" oid="EF5E0929-A8AB-6501-3EF2-EE4C0C4AB965" otype="Table" vid="3551ACD6-93F2-1FD2-C67C-2F14F6A1094A">
<hideElementsInCurrentOnly>false</hideElementsInCurrentOnly>
<bounds x="1108" y="219" width="157" height="54"/>
</OView>
<OView class="oracle.dbtools.crest.swingui.relational.TVTable" oid="FA61D119-7627-CC3D-9FE1-1711018A81A0" otype="Table" vid="0AA61952-C72B-B864-914C-1EF2B4E65D3B">
<hideElementsInCurrentOnly>false</hideElementsInCurrentOnly>
<bounds x="760" y="287" width="209" height="75"/>
</OView>
<OView class="oracle.dbtools.crest.swingui.relational.TVTable" oid="FAF10E8B-C4F6-7B53-73EE-A2D5E88DA5FF" otype="Table" vid="E539D813-8722-341D-9D6A-7AE5F7AEF132">
<hideElementsInCurrentOnly>false</hideElementsInCurrentOnly>
<bounds x="36" y="21" width="168" height="72"/>
</OView>
<OView class="oracle.dbtools.crest.swingui.relational.TVTable" oid="FBC91ED0-0AE0-021E-0CA5-FDBB69D79A21" otype="Table" vid="6BF8B69B-BE2A-9539-8FE9-FEF3B1E4198D">
<hideElementsInCurrentOnly>false</hideElementsInCurrentOnly>
<bounds x="699" y="546" width="196" height="88"/>
</OView>
</objectViews>
<connectors>
<Connector class="oracle.dbtools.crest.swingui.relational.TVFKRelation" oid="00BF3976-2045-D9B5-9FA2-B53D7746DD6B" otype="FKIndexAssociation" vid_source="E539D813-8722-341D-9D6A-7AE5F7AEF132" vid_target="941FA956-807F-AC8D-80B0-EE2D1CDC3797">
<hideElementsInCurrentOnly>false</hideElementsInCurrentOnly>
<backgroundColor>-16777216</backgroundColor>
<lineWidth>1</lineWidth>
<centerLabel class="oracle.dbtools.crest.model.design.Label">
<site>1</site>
<labelBounds x="-137" y="-31" width="137" height="30"/>
<noBackgroundColor>true</noBackgroundColor>
<noForegroundColor>true</noForegroundColor>
</centerLabel>
<points>
<point x="182" y="93"/>
<point x="182" y="145"/>
<point x="361" y="145"/>
</points>
</Connector>
<Connector class="oracle.dbtools.crest.swingui.relational.TVFKRelation" oid="02FC49CD-F5EE-7EC1-B1D7-7ECEF5319041" otype="FKIndexAssociation" vid_source="3678364F-6372-6B90-AECA-4AB0C589DE54" vid_target="0EFC1D02-45A5-E462-1C62-2BA497B7F76B">
<hideElementsInCurrentOnly>false</hideElementsInCurrentOnly>
<backgroundColor>-16777216</backgroundColor>
<lineWidth>1</lineWidth>
<centerLabel class="oracle.dbtools.crest.model.design.Label">
<site>1</site>
<labelBounds x="-119" y="-31" width="118" height="30"/>
<noBackgroundColor>true</noBackgroundColor>
<noForegroundColor>true</noForegroundColor>
</centerLabel>
<points>
<point x="546" y="310"/>
<point x="656" y="310"/>
<point x="656" y="222"/>
</points>
</Connector>
<Connector class="oracle.dbtools.crest.swingui.relational.TVFKRelation" oid="066F7CF5-5A0F-098D-D26A-462284016B41" otype="FKIndexAssociation" vid_source="81F18F54-82C5-1673-637B-3D9C473D10FF" vid_target="E2F838C5-C89D-D709-BCC8-1F2C453F0D9F">
<hideElementsInCurrentOnly>false</hideElementsInCurrentOnly>
<backgroundColor>-16777216</backgroundColor>
<lineWidth>1</lineWidth>
<centerLabel class="oracle.dbtools.crest.model.design.Label">
<site>1</site>
<labelBounds x="-111" y="-31" width="111" height="30"/>
<noBackgroundColor>true</noBackgroundColor>
<noForegroundColor>true</noForegroundColor>
</centerLabel>
<points>
<point x="1030" y="521"/>
<point x="861" y="521"/>
<point x="861" y="460"/>
</points>
</Connector>
<Connector class="oracle.dbtools.crest.swingui.relational.TVFKRelation" oid="2AB89B93-4FA4-DEF6-A0AE-043BF933CC76" otype="FKIndexAssociation" vid_source="ED518E9A-730F-28EF-FF00-8D4E1EA78326" vid_target="3678364F-6372-6B90-AECA-4AB0C589DE54">
<hideElementsInCurrentOnly>false</hideElementsInCurrentOnly>
<backgroundColor>-16777216</backgroundColor>
<lineWidth>1</lineWidth>
<centerLabel class="oracle.dbtools.crest.model.design.Label">
<site>1</site>
<labelBounds x="-109" y="-31" width="108" height="30"/>
<noBackgroundColor>true</noBackgroundColor>
<noForegroundColor>true</noForegroundColor>
</centerLabel>
<points>
<point x="208" y="308"/>
<point x="343" y="308"/>
</points>
</Connector>
<Connector class="oracle.dbtools.crest.swingui.relational.TVFKRelation" oid="3BD32632-04C6-A426-C368-6B553DFE8231" otype="FKIndexAssociation" vid_source="E05148DF-BDAE-BAB5-5C05-6095D3D80E13" vid_target="81F18F54-82C5-1673-637B-3D9C473D10FF">
<hideElementsInCurrentOnly>false</hideElementsInCurrentOnly>
<backgroundColor>-16777216</backgroundColor>
<lineWidth>1</lineWidth>
<centerLabel class="oracle.dbtools.crest.model.design.Label">
<site>1</site>
<labelBounds x="-109" y="-31" width="109" height="30"/>
<noBackgroundColor>true</noBackgroundColor>
<noForegroundColor>true</noForegroundColor>
</centerLabel>
<points>
<point x="1051" y="155"/>
<point x="1051" y="201"/>
<point x="1051" y="517"/>
</points>
</Connector>
<Connector class="oracle.dbtools.crest.swingui.relational.TVFKRelation" oid="587A6130-06AB-2E41-A434-3F0E14AA6729" otype="FKIndexAssociation" vid_source="2BEB3270-9D24-412D-7877-767B1EAD8F93" vid_target="6BF8B69B-BE2A-9539-8FE9-FEF3B1E4198D">
<hideElementsInCurrentOnly>false</hideElementsInCurrentOnly>
<backgroundColor>-16777216</backgroundColor>
<lineWidth>1</lineWidth>
<centerLabel class="oracle.dbtools.crest.model.design.Label">
<site>1</site>
<labelBounds x="-143" y="-31" width="143" height="30"/>
<noBackgroundColor>true</noBackgroundColor>
<noForegroundColor>true</noForegroundColor>
</centerLabel>
<points>
<point x="512" y="611"/>
<point x="572" y="611"/>
<point x="699" y="611"/>
</points>
</Connector>
<Connector class="oracle.dbtools.crest.swingui.relational.TVFKRelation" oid="5BC8FA58-66C2-F376-FCC3-FE76E2A1DB96" otype="FKIndexAssociation" vid_source="3678364F-6372-6B90-AECA-4AB0C589DE54" vid_target="ED518E9A-730F-28EF-FF00-8D4E1EA78326">
<hideElementsInCurrentOnly>false</hideElementsInCurrentOnly>
<backgroundColor>-16777216</backgroundColor>
<lineWidth>1</lineWidth>
<centerLabel class="oracle.dbtools.crest.model.design.Label">
<site>1</site>
<labelBounds x="-109" y="-31" width="108" height="30"/>
<noBackgroundColor>true</noBackgroundColor>
<noForegroundColor>true</noForegroundColor>
</centerLabel>
<points>
<point x="343" y="293"/>
<point x="208" y="293"/>
</points>
</Connector>
<Connector class="oracle.dbtools.crest.swingui.relational.TVFKRelation" oid="6BC4623A-FED0-8B1B-37DF-C4FF7787CAF1" otype="FKIndexAssociation" vid_source="3678364F-6372-6B90-AECA-4AB0C589DE54" vid_target="55B75A3A-9993-C498-D125-249790614A0E">
<hideElementsInCurrentOnly>false</hideElementsInCurrentOnly>
<backgroundColor>-16777216</backgroundColor>
<lineWidth>1</lineWidth>
<centerLabel class="oracle.dbtools.crest.model.design.Label">
<site>1</site>
<labelBounds x="-165" y="-31" width="165" height="30"/>
<noBackgroundColor>true</noBackgroundColor>
<noForegroundColor>true</noForegroundColor>
</centerLabel>
<points>
<point x="430" y="350"/>
<point x="431" y="415"/>
</points>
</Connector>
<Connector class="oracle.dbtools.crest.swingui.relational.TVFKRelation" oid="736F0829-E5C0-928A-3183-E254E9C8D322" otype="FKIndexAssociation" vid_source="3D8EFA9A-4ED7-48A8-BA2C-F67E5D9E0BED" vid_target="E539D813-8722-341D-9D6A-7AE5F7AEF132">
<hideElementsInCurrentOnly>false</hideElementsInCurrentOnly>
<backgroundColor>-16777216</backgroundColor>
<lineWidth>1</lineWidth>
<centerLabel class="oracle.dbtools.crest.model.design.Label">
<site>1</site>
<labelBounds x="-137" y="-31" width="136" height="30"/>
<noBackgroundColor>true</noBackgroundColor>
<noForegroundColor>true</noForegroundColor>
</centerLabel>
<points>
<point x="602" y="29"/>
<point x="407" y="29"/>
<point x="204" y="29"/>
</points>
</Connector>
<Connector class="oracle.dbtools.crest.swingui.relational.TVFKRelation" oid="796F078A-F7F7-336E-8FFB-D7609E0ACCFA" otype="FKIndexAssociation" vid_source="ED518E9A-730F-28EF-FF00-8D4E1EA78326" vid_target="88DC2873-722C-2F65-BB60-51E94940A374">
<hideElementsInCurrentOnly>false</hideElementsInCurrentOnly>
<backgroundColor>-16777216</backgroundColor>
<lineWidth>1</lineWidth>
<centerLabel class="oracle.dbtools.crest.model.design.Label">
<site>1</site>
<labelBounds x="-93" y="-31" width="93" height="30"/>
<noBackgroundColor>true</noBackgroundColor>
<noForegroundColor>true</noForegroundColor>
</centerLabel>
<points>
<point x="76" y="329"/>
<point x="75" y="472"/>
</points>
</Connector>
<Connector class="oracle.dbtools.crest.swingui.relational.TVFKRelation" oid="91C51B3E-2A2A-BFE6-856C-F04F855ED07F" otype="FKIndexAssociation" vid_source="E05148DF-BDAE-BAB5-5C05-6095D3D80E13" vid_target="0AA61952-C72B-B864-914C-1EF2B4E65D3B">
<hideElementsInCurrentOnly>false</hideElementsInCurrentOnly>
<backgroundColor>-16777216</backgroundColor>
<lineWidth>1</lineWidth>
<centerLabel class="oracle.dbtools.crest.model.design.Label">
<site>1</site>
<labelBounds x="-163" y="-31" width="162" height="30"/>
<noBackgroundColor>true</noBackgroundColor>
<noForegroundColor>true</noForegroundColor>
</centerLabel>
<points>
<point x="952" y="155"/>
<point x="952" y="287"/>
</points>
</Connector>
<Connector class="oracle.dbtools.crest.swingui.relational.TVFKRelation" oid="9CB19085-80A1-B9AC-B67D-4D0C6173ED22" otype="FKIndexAssociation" vid_source="81F18F54-82C5-1673-637B-3D9C473D10FF" vid_target="6BF8B69B-BE2A-9539-8FE9-FEF3B1E4198D">
<hideElementsInCurrentOnly>false</hideElementsInCurrentOnly>
<backgroundColor>-16777216</backgroundColor>
<lineWidth>1</lineWidth>
<centerLabel class="oracle.dbtools.crest.model.design.Label">
<site>1</site>
<labelBounds x="-99" y="-31" width="99" height="30"/>
<noBackgroundColor>true</noBackgroundColor>
<noForegroundColor>true</noForegroundColor>
</centerLabel>
<points>
<point x="1123" y="639"/>
<point x="1123" y="613"/>
<point x="895" y="613"/>
</points>
</Connector>
<Connector class="oracle.dbtools.crest.swingui.relational.TVFKRelation" oid="A502E360-8F10-818D-B336-8744787774AB" otype="FKIndexAssociation" vid_source="E539D813-8722-341D-9D6A-7AE5F7AEF132" vid_target="600A5BCF-AB32-86E9-38AD-0CC04DA20B4D">
<hideElementsInCurrentOnly>false</hideElementsInCurrentOnly>
<backgroundColor>-16777216</backgroundColor>
<lineWidth>1</lineWidth>
<centerLabel class="oracle.dbtools.crest.model.design.Label">
<site>1</site>
<labelBounds x="-139" y="-31" width="138" height="30"/>
<noBackgroundColor>true</noBackgroundColor>
<noForegroundColor>true</noForegroundColor>
</centerLabel>
<points>
<point x="204" y="73"/>
<point x="269" y="73"/>
<point x="360" y="73"/>
</points>
</Connector>
<Connector class="oracle.dbtools.crest.swingui.relational.TVFKRelation" oid="A9DFCEF9-4849-4126-C365-4F283F233449" otype="FKIndexAssociation" vid_source="3D8EFA9A-4ED7-48A8-BA2C-F67E5D9E0BED" vid_target="81F18F54-82C5-1673-637B-3D9C473D10FF">
<hideElementsInCurrentOnly>false</hideElementsInCurrentOnly>
<backgroundColor>-16777216</backgroundColor>
<lineWidth>1</lineWidth>
<centerLabel class="oracle.dbtools.crest.model.design.Label">
<site>1</site>
<labelBounds x="-109" y="-31" width="109" height="30"/>
<noBackgroundColor>true</noBackgroundColor>
<noForegroundColor>true</noForegroundColor>
</centerLabel>
<points>
<point x="749" y="34"/>
<point x="1091" y="34"/>
<point x="1091" y="517"/>
</points>
</Connector>
<Connector class="oracle.dbtools.crest.swingui.relational.TVFKRelation" oid="AA8024C3-219E-ABF9-D28E-B6273D37AC3B" otype="FKIndexAssociation" vid_source="E539D813-8722-341D-9D6A-7AE5F7AEF132" vid_target="ED518E9A-730F-28EF-FF00-8D4E1EA78326">
<hideElementsInCurrentOnly>false</hideElementsInCurrentOnly>
<backgroundColor>-16777216</backgroundColor>
<lineWidth>1</lineWidth>
<centerLabel class="oracle.dbtools.crest.model.design.Label">
<site>1</site>
<labelBounds x="-133" y="-31" width="132" height="30"/>
<noBackgroundColor>true</noBackgroundColor>
<noForegroundColor>true</noForegroundColor>
</centerLabel>
<points>
<point x="72" y="93"/>
<point x="72" y="250"/>
<point x="72" y="250"/>
</points>
</Connector>
<Connector class="oracle.dbtools.crest.swingui.relational.TVFKRelation" oid="AAC6A41C-3C8E-BDDF-C578-D54CB4E71C56" otype="FKIndexAssociation" vid_source="0EFC1D02-45A5-E462-1C62-2BA497B7F76B" vid_target="0AA61952-C72B-B864-914C-1EF2B4E65D3B">
<hideElementsInCurrentOnly>false</hideElementsInCurrentOnly>
<backgroundColor>-16777216</backgroundColor>
<lineWidth>1</lineWidth>
<centerLabel class="oracle.dbtools.crest.model.design.Label">
<site>1</site>
<labelBounds x="3" y="76" width="170" height="20"/>
<noBackgroundColor>true</noBackgroundColor>
<noForegroundColor>true</noForegroundColor>
</centerLabel>
<points>
<point x="732" y="169"/>
<point x="818" y="169"/>
<point x="818" y="287"/>
</points>
</Connector>
<Connector class="oracle.dbtools.crest.swingui.relational.TVFKRelation" oid="C13E4585-7ED1-7AE2-97E1-768D71DDE8EA" otype="FKIndexAssociation" vid_source="0EFF0C28-A036-FC8F-4CF5-7F57EA61E73F" vid_target="3551ACD6-93F2-1FD2-C67C-2F14F6A1094A">
<hideElementsInCurrentOnly>false</hideElementsInCurrentOnly>
<backgroundColor>-16777216</backgroundColor>
<lineWidth>1</lineWidth>
<centerLabel class="oracle.dbtools.crest.model.design.Label">
<site>1</site>
<labelBounds x="-105" y="-31" width="104" height="30"/>
<noBackgroundColor>true</noBackgroundColor>
<noForegroundColor>true</noForegroundColor>
</centerLabel>
<points>
<point x="1186" y="327"/>
<point x="1186" y="273"/>
</points>
</Connector>
<Connector class="oracle.dbtools.crest.swingui.relational.TVFKRelation" oid="CCFF017D-65E7-6C23-D610-ED41025D62A3" otype="FKIndexAssociation" vid_source="55B75A3A-9993-C498-D125-249790614A0E" vid_target="E2F838C5-C89D-D709-BCC8-1F2C453F0D9F">
<hideElementsInCurrentOnly>false</hideElementsInCurrentOnly>
<backgroundColor>-16777216</backgroundColor>
<lineWidth>1</lineWidth>
<centerLabel class="oracle.dbtools.crest.model.design.Label">
<site>1</site>
<labelBounds x="-159" y="-31" width="159" height="30"/>
<noBackgroundColor>true</noBackgroundColor>
<noForegroundColor>true</noForegroundColor>
</centerLabel>
<points>
<point x="542" y="437"/>
<point x="762" y="437"/>
</points>
</Connector>
<Connector class="oracle.dbtools.crest.swingui.relational.TVFKRelation" oid="D9282EDF-9874-DD39-1015-9492CE38EEB8" otype="FKIndexAssociation" vid_source="88DC2873-722C-2F65-BB60-51E94940A374" vid_target="81F18F54-82C5-1673-637B-3D9C473D10FF">
<hideElementsInCurrentOnly>false</hideElementsInCurrentOnly>
<backgroundColor>-16777216</backgroundColor>
<lineWidth>1</lineWidth>
<centerLabel class="oracle.dbtools.crest.model.design.Label">
<site>1</site>
<labelBounds x="-103" y="-31" width="102" height="30"/>
<noBackgroundColor>true</noBackgroundColor>
<noForegroundColor>true</noForegroundColor>
</centerLabel>
<points>
<point x="210" y="535"/>
<point x="1030" y="537"/>
</points>
</Connector>
<Connector class="oracle.dbtools.crest.swingui.relational.TVFKRelation" oid="EA3079D1-338B-A1B6-3C09-7CB3162E3EE8" otype="FKIndexAssociation" vid_source="88DC2873-722C-2F65-BB60-51E94940A374" vid_target="2BEB3270-9D24-412D-7877-767B1EAD8F93">
<hideElementsInCurrentOnly>false</hideElementsInCurrentOnly>
<backgroundColor>-16777216</backgroundColor>
<lineWidth>1</lineWidth>
<centerLabel class="oracle.dbtools.crest.model.design.Label">
<site>1</site>
<labelBounds x="-147" y="-31" width="146" height="30"/>
<noBackgroundColor>true</noBackgroundColor>
<noForegroundColor>true</noForegroundColor>
</centerLabel>
<points>
<point x="75" y="547"/>
<point x="75" y="606"/>
<point x="312" y="606"/>
</points>
</Connector>
<Connector class="oracle.dbtools.crest.swingui.relational.TVFKRelation" oid="EDD1E8A6-7475-9515-E950-E9553A3DC363" otype="FKIndexAssociation" vid_source="81F18F54-82C5-1673-637B-3D9C473D10FF" vid_target="0EFF0C28-A036-FC8F-4CF5-7F57EA61E73F">
<hideElementsInCurrentOnly>false</hideElementsInCurrentOnly>
<backgroundColor>-16777216</backgroundColor>
<lineWidth>1</lineWidth>
<centerLabel class="oracle.dbtools.crest.model.design.Label">
<site>1</site>
<labelBounds x="-109" y="-31" width="109" height="30"/>
<noBackgroundColor>true</noBackgroundColor>
<noForegroundColor>true</noForegroundColor>
</centerLabel>
<points>
<point x="1162" y="517"/>
<point x="1162" y="489"/>
<point x="1162" y="388"/>
</points>
</Connector>
</connectors>
<arcs>
<Arc class="oracle.dbtools.crest.swingui.relational.TVFKArc" oid="266B88EB-65DC-C0AB-425F-EB044865BE17" otype="FKArc" vid="C0AF5DC0-1382-5706-AE34-93D709B27430">
<hideElementsInCurrentOnly>false</hideElementsInCurrentOnly>
<bounds x="16" y="1" width="208" height="112"/>
</Arc>
<Arc class="oracle.dbtools.crest.swingui.relational.TVFKArc" oid="9230E857-2282-D223-B6CF-D095344A35F1" otype="FKArc" vid="41CC7851-4C75-481C-B774-6E7357D3B35F">
<hideElementsInCurrentOnly>false</hideElementsInCurrentOnly>
<bounds x="323" y="238" width="243" height="132"/>
</Arc>
</arcs>
</Diagram>