<?xml version = '1.0' encoding = 'UTF-8'?>
<Diagram class="oracle.dbtools.crest.swingui.relational.DPVRelationalSubView" name="From_LM_Logical - SubView_1" id="EDF0995D-F448-2A83-2D2B-3CD53CCCA882">
<createdBy>Tam1</createdBy>
<modifiedBy>Tam1</modifiedBy>
<createdTime>2018-04-15 17:38:10 UTC</createdTime>
<autoRoute>false</autoRoute>
<boxInbox>true</boxInbox>
<showLegend>false</showLegend>
<showLabels>false</showLabels>
<showRelAttributes>false</showRelAttributes>
<gridEnabled>false</gridEnabled>
<showGrid>false</showGrid>
<diagramColor>-1</diagramColor>
<display>false</display>
<generatorId>D6D48131-C7EF-C2D4-795B-0CA68DB19F0F</generatorId>
<notation>1</notation>
<objectViews>
<OView class="oracle.dbtools.crest.swingui.relational.TVTable" oid="1C05A3E0-B9E0-79E1-698A-F24D4313DC73" otype="Table" vid="5479B4A8-0BD7-C53E-F800-6384C8C355A9">
<hideElementsInCurrentOnly>false</hideElementsInCurrentOnly>
<bounds x="383" y="360" width="99" height="52"/>
<generatorID>F173B25C-5025-30E6-22F4-CF42BCC83250</generatorID>
</OView>
<OView class="oracle.dbtools.crest.swingui.relational.TVTable" oid="A081DC10-3291-DA8B-80AD-F87EB8AB9BB5" otype="Table" vid="B9CEBD65-4EF8-9489-61EC-858718BAA242">
<hideElementsInCurrentOnly>false</hideElementsInCurrentOnly>
<bounds x="353" y="344" width="139" height="137"/>
<generatorID>EA972845-C375-6F09-058B-D183189159AF</generatorID>
</OView>
</objectViews>
<connectors>
<Connector class="oracle.dbtools.crest.swingui.relational.TVFKRelation" oid="02FC49CD-F5EE-7EC1-B1D7-7ECEF5319041" otype="FKIndexAssociation" vid_source="B9CEBD65-4EF8-9489-61EC-858718BAA242" vid_target="5479B4A8-0BD7-C53E-F800-6384C8C355A9">
<hideElementsInCurrentOnly>false</hideElementsInCurrentOnly>
<backgroundColor>-16777216</backgroundColor>
<lineWidth>1</lineWidth>
<points>
<point x="414" y="344"/>
<point x="482" y="386"/>
</points>
</Connector>
</connectors>
</Diagram>