<?xml version = '1.0' encoding = 'UTF-8'?>
<FKArc class="oracle.dbtools.crest.model.design.relational.FKArc" directorySegmentName="seg_0" id="B4231526-C2EE-0D70-F2E3-DFDA9CFB564F" name="Arc_1">
<createdBy>Tam1</createdBy>
<createdTime>2018-04-19 16:42:03 UTC</createdTime>
<ownerDesignName>new</ownerDesignName>
<mandatory>false</mandatory>
<reverseArc>true</reverseArc>
<table>FD26F8DA-0EAA-F4AB-128E-B3382700128C</table>
<discriminatorColumn>CF6A8D77-0088-E026-2A6C-0B7817AEFDA0</discriminatorColumn>
<fkeys>
<fkeyID>1E1B27C1-6369-BD4D-0019-7CF6EFB6E048</fkeyID>
<fkeyID>648C5B40-79D3-689F-66D6-09C66C47D5A6</fkeyID>
<fkeyID>54DC90F1-39E2-E7C9-EC8A-AC3D37EEE796</fkeyID>
</fkeys>
</FKArc>