<?xml version = '1.0' encoding = 'UTF-8'?>
<FKArc class="oracle.dbtools.crest.model.design.relational.FKArc" directorySegmentName="seg_0" id="F12D8ECF-0199-13AD-FA95-DC2B59EE3E1B" name="FKArc_1">
<createdBy>Tam1</createdBy>
<createdTime>2018-04-19 16:42:03 UTC</createdTime>
<ownerDesignName>new</ownerDesignName>
<mandatory>false</mandatory>
<reverseArc>true</reverseArc>
<table>D18FBCCC-6CEF-6B32-0FBB-111E84F30FB8</table>
<discriminatorColumn>DF0056E0-1415-EF46-F247-5A15B1E23414</discriminatorColumn>
<fkeys>
<fkeyID>4C4F3077-6FDE-6191-8EF9-E2C878626C0F</fkeyID>
<fkeyID>6AB4DE5B-09EF-BDF5-E645-51DFA9B82F20</fkeyID>
</fkeys>
</FKArc>