<?xml version = '1.0' encoding = 'UTF-8'?>
<Relation class="oracle.dbtools.crest.model.design.logical.Relation" name="pozice_zamestnance" directorySegmentName="seg_0" id="112F694E-99B3-D57E-B084-EC91CFEF04B9">
<createdBy>Tam1</createdBy>
<createdTime>2018-03-15 18:13:59 UTC</createdTime>
<ownerDesignName>new</ownerDesignName>
<engineerTo>
<item key="CA300976-B672-EECB-B156-C09CCC4A494B" value="true"/>
</engineerTo>
<sourcePk>DABC2767-8F27-8C26-823E-E211B60F53FE</sourcePk>
<arc>17CEDBFA-B0B9-32CC-9E0B-9EC0605FC4E0</arc>
<identifying>true</identifying>
<nameOnSource>muze byt</nameOnSource>
<nameOnTarget>je</nameOnTarget>
<optionalSource>true</optionalSource>
<optionalTarget>false</optionalTarget>
<sourceCardinality>1</sourceCardinality>
<sourceEntity>E90615ED-FBD0-58AD-2705-1ABDEACAA960</sourceEntity>
<targetCardinalityString>1</targetCardinalityString>
<targetEntity>C8108B16-ADD9-E8A0-C51F-34E416128972</targetEntity>
<transferable>true</transferable>
<deleteRule>NO ACTION</deleteRule>
</Relation>