<?xml version = '1.0' encoding = 'UTF-8'?>
<Relation class="oracle.dbtools.crest.model.design.logical.Relation" name="je_prefekt" directorySegmentName="seg_0" id="2CD22430-157A-053A-BF8F-5EA4C7E217E6">
<createdBy>Tam1</createdBy>
<createdTime>2018-03-15 18:15:26 UTC</createdTime>
<ownerDesignName>new</ownerDesignName>
<engineerTo>
<item key="CA300976-B672-EECB-B156-C09CCC4A494B" value="true"/>
</engineerTo>
<sourcePk>15C8522B-C1BD-209D-8A77-6D0E2FD68B34</sourcePk>
<identifying>true</identifying>
<nameOnSource>je zvolen</nameOnSource>
<nameOnTarget>je</nameOnTarget>
<optionalSource>true</optionalSource>
<optionalTarget>false</optionalTarget>
<sourceCardinality>1</sourceCardinality>
<sourceEntity>63CB5728-F114-83D4-045C-2024D03D1877</sourceEntity>
<targetCardinalityString>1</targetCardinalityString>
<targetEntity>484A2861-D33A-3B93-5C57-71D4F94D9F1F</targetEntity>
<transferable>true</transferable>
<deleteRule>NO ACTION</deleteRule>
</Relation>