<?xml version = '1.0' encoding = 'UTF-8'?>
<Relation class="oracle.dbtools.crest.model.design.logical.Relation" name="pozice_zamestnancev3" directorySegmentName="seg_0" id="30E31192-D988-A081-9EDB-3F56AFEA53CC">
<createdBy>Tam1</createdBy>
<createdTime>2018-03-15 18:12:31 UTC</createdTime>
<ownerDesignName>new</ownerDesignName>
<engineerTo>
<item key="CA300976-B672-EECB-B156-C09CCC4A494B" value="true"/>
</engineerTo>
<sourcePk>DABC2767-8F27-8C26-823E-E211B60F53FE</sourcePk>
<arc>17CEDBFA-B0B9-32CC-9E0B-9EC0605FC4E0</arc>
<identifying>true</identifying>
<nameOnSource>muze byt</nameOnSource>
<nameOnTarget>je</nameOnTarget>
<optionalSource>true</optionalSource>
<optionalTarget>false</optionalTarget>
<sourceCardinality>1</sourceCardinality>
<sourceEntity>E90615ED-FBD0-58AD-2705-1ABDEACAA960</sourceEntity>
<targetCardinalityString>1</targetCardinalityString>
<targetEntity>858419B0-D8BF-FECF-2932-B2B8BF32CC5D</targetEntity>
<transferable>true</transferable>
<deleteRule>NO ACTION</deleteRule>
</Relation>