<?xml version = '1.0' encoding = 'UTF-8'?>
<Relation class="oracle.dbtools.crest.model.design.logical.Relation" name="zamestnanec_bydli" directorySegmentName="seg_0" id="3A6002E7-EAE4-AD55-ACA0-9863423D9D75">
<createdBy>Tam1</createdBy>
<createdTime>2018-03-14 14:07:59 UTC</createdTime>
<ownerDesignName>new</ownerDesignName>
<engineerTo>
<item key="CA300976-B672-EECB-B156-C09CCC4A494B" value="true"/>
</engineerTo>
<sourcePk>E8F3758E-65E9-A8D7-39B0-69B4BEB298EB</sourcePk>
<identifying>false</identifying>
<nameOnSource>patri</nameOnSource>
<nameOnTarget>bydli na adrese</nameOnTarget>
<optionalSource>true</optionalSource>
<optionalTarget>false</optionalTarget>
<sourceCardinality>1</sourceCardinality>
<sourceEntity>0FDE2497-A030-C9CE-7CD5-F0430D451A63</sourceEntity>
<targetCardinalityString>*</targetCardinalityString>
<targetEntity>E90615ED-FBD0-58AD-2705-1ABDEACAA960</targetEntity>
<transferable>true</transferable>
<deleteRule>NO ACTION</deleteRule>
</Relation>