<?xml version = '1.0' encoding = 'UTF-8'?>
<Relation class="oracle.dbtools.crest.model.design.logical.Relation" name="student_v_rocniku" directorySegmentName="seg_0" id="413FC8A8-97AD-D8F2-D98F-968456F94BF1">
<createdBy>Tam1</createdBy>
<createdTime>2018-03-14 14:11:23 UTC</createdTime>
<ownerDesignName>new</ownerDesignName>
<engineerTo>
<item key="CA300976-B672-EECB-B156-C09CCC4A494B" value="true"/>
</engineerTo>
<sourcePk>DAB235F8-2FB3-994E-67A3-490D722DB359</sourcePk>
<identifying>false</identifying>
<nameOnSource>obsahuje</nameOnSource>
<nameOnTarget>se nachazi</nameOnTarget>
<optionalSource>false</optionalSource>
<optionalTarget>false</optionalTarget>
<sourceCardinality>1</sourceCardinality>
<sourceEntity>FE19C06D-05E5-F908-F4B6-99AE61655672</sourceEntity>
<targetCardinalityString>*</targetCardinalityString>
<targetEntity>63CB5728-F114-83D4-045C-2024D03D1877</targetEntity>
<transferable>true</transferable>
<deleteRule>NO ACTION</deleteRule>
</Relation>