<?xml version = '1.0' encoding = 'UTF-8'?>
<Relation class="oracle.dbtools.crest.model.design.logical.Relation" name="je_reditelem" directorySegmentName="seg_0" id="49C7089A-DC0D-1CE6-E92A-1A3CA2CC37E5">
<createdBy>Tam1</createdBy>
<createdTime>2018-04-15 13:48:26 UTC</createdTime>
<ownerDesignName>new</ownerDesignName>
<engineerTo>
<item key="CA300976-B672-EECB-B156-C09CCC4A494B" value="true"/>
</engineerTo>
<sourcePk>A0A9BF3E-610F-CD3E-F182-7116515BDE7B</sourcePk>
<identifying>false</identifying>
<nameOnSource>je reditelem</nameOnSource>
<nameOnTarget>ma za reditele</nameOnTarget>
<optionalSource>true</optionalSource>
<optionalTarget>false</optionalTarget>
<sourceCardinality>1</sourceCardinality>
<sourceEntity>C8108B16-ADD9-E8A0-C51F-34E416128972</sourceEntity>
<targetCardinalityString>1</targetCardinalityString>
<targetEntity>35E7C3C0-C178-351F-CBE4-383A0B678787</targetEntity>
<transferable>true</transferable>
<deleteRule>NO ACTION</deleteRule>
</Relation>