<?xml version = '1.0' encoding = 'UTF-8'?>
<Relation class="oracle.dbtools.crest.model.design.logical.Relation" name="pozice_zamestnancev2" directorySegmentName="seg_0" id="51D618A4-9D94-29F8-51B9-4087B72A54F4">
<createdBy>Tam1</createdBy>
<createdTime>2018-03-15 18:13:22 UTC</createdTime>
<ownerDesignName>new</ownerDesignName>
<engineerTo>
<item key="CA300976-B672-EECB-B156-C09CCC4A494B" value="true"/>
</engineerTo>
<sourcePk>DABC2767-8F27-8C26-823E-E211B60F53FE</sourcePk>
<arc>17CEDBFA-B0B9-32CC-9E0B-9EC0605FC4E0</arc>
<identifying>true</identifying>
<nameOnSource>muze byt</nameOnSource>
<nameOnTarget>je</nameOnTarget>
<optionalSource>true</optionalSource>
<optionalTarget>false</optionalTarget>
<sourceCardinality>1</sourceCardinality>
<sourceEntity>E90615ED-FBD0-58AD-2705-1ABDEACAA960</sourceEntity>
<targetCardinalityString>1</targetCardinalityString>
<targetEntity>BF08637A-E102-EFF2-B349-77D3F6FF59B5</targetEntity>
<transferable>true</transferable>
<deleteRule>NO ACTION</deleteRule>
</Relation>