<?xml version = '1.0' encoding = 'UTF-8'?>
<Relation class="oracle.dbtools.crest.model.design.logical.Relation" name="ma_tym" directorySegmentName="seg_0" id="5D355C06-C16E-2902-133E-DB88AD982A81">
<createdBy>Tam1</createdBy>
<createdTime>2018-04-15 13:59:42 UTC</createdTime>
<ownerDesignName>new</ownerDesignName>
<engineerTo>
<item key="CA300976-B672-EECB-B156-C09CCC4A494B" value="true"/>
</engineerTo>
<sourcePk>35A7B0AD-F9F8-58EA-79D7-DEF7F503AD8D</sourcePk>
<identifying>true</identifying>
<nameOnSource>ma</nameOnSource>
<nameOnTarget>patri</nameOnTarget>
<optionalSource>true</optionalSource>
<optionalTarget>false</optionalTarget>
<sourceCardinality>1</sourceCardinality>
<sourceEntity>35E7C3C0-C178-351F-CBE4-383A0B678787</sourceEntity>
<targetCardinalityString>1</targetCardinalityString>
<targetEntity>E03987CC-5F44-CAC3-99EA-D4882127BA4C</targetEntity>
<transferable>true</transferable>
<deleteRule>NO ACTION</deleteRule>
</Relation>