<?xml version = '1.0' encoding = 'UTF-8'?>
<Relation class="oracle.dbtools.crest.model.design.logical.Relation" name="patri_do_koleje" directorySegmentName="seg_0" id="644CB938-CD4E-8FAF-0B1F-EBF4E3014E56">
<createdBy>Tam1</createdBy>
<createdTime>2018-04-15 13:50:59 UTC</createdTime>
<ownerDesignName>new</ownerDesignName>
<engineerTo>
<item key="CA300976-B672-EECB-B156-C09CCC4A494B" value="true"/>
</engineerTo>
<sourcePk>35A7B0AD-F9F8-58EA-79D7-DEF7F503AD8D</sourcePk>
<identifying>false</identifying>
<nameOnSource>obsahuje</nameOnSource>
<nameOnTarget>patri</nameOnTarget>
<optionalSource>false</optionalSource>
<optionalTarget>false</optionalTarget>
<sourceCardinality>1</sourceCardinality>
<sourceEntity>35E7C3C0-C178-351F-CBE4-383A0B678787</sourceEntity>
<targetCardinalityString>*</targetCardinalityString>
<targetEntity>63CB5728-F114-83D4-045C-2024D03D1877</targetEntity>
<transferable>true</transferable>
<deleteRule>NO ACTION</deleteRule>
</Relation>