<?xml version = '1.0' encoding = 'UTF-8'?>
<Relation class="oracle.dbtools.crest.model.design.logical.Relation" name="je_hracem" directorySegmentName="seg_0" id="CAEECD56-ABDA-2BC1-5F53-5F3274E6B93C">
<createdBy>Tam1</createdBy>
<createdTime>2018-03-15 18:14:58 UTC</createdTime>
<ownerDesignName>new</ownerDesignName>
<engineerTo>
<item key="CA300976-B672-EECB-B156-C09CCC4A494B" value="true"/>
</engineerTo>
<sourcePk>15C8522B-C1BD-209D-8A77-6D0E2FD68B34</sourcePk>
<identifying>true</identifying>
<nameOnSource>je</nameOnSource>
<nameOnTarget>je</nameOnTarget>
<optionalSource>true</optionalSource>
<optionalTarget>false</optionalTarget>
<sourceCardinality>1</sourceCardinality>
<sourceEntity>63CB5728-F114-83D4-045C-2024D03D1877</sourceEntity>
<targetCardinalityString>1</targetCardinalityString>
<targetEntity>60DB2AA7-E5E2-B7ED-A550-91A9D27269D0</targetEntity>
<transferable>true</transferable>
<deleteRule>NO ACTION</deleteRule>
</Relation>