<?xml version = '1.0' encoding = 'UTF-8'?>
<Relation class="oracle.dbtools.crest.model.design.logical.Relation" name="obsahuje_hrace" directorySegmentName="seg_0" id="CC9FFE69-6F80-DB1C-462A-DA78DF3106DD">
<createdBy>Tam1</createdBy>
<createdTime>2018-03-14 14:10:32 UTC</createdTime>
<ownerDesignName>new</ownerDesignName>
<engineerTo>
<item key="CA300976-B672-EECB-B156-C09CCC4A494B" value="true"/>
</engineerTo>
<sourcePk>7C1A8704-B9CF-44D6-4926-B08A93354B59</sourcePk>
<identifying>false</identifying>
<nameOnSource>obsahuje</nameOnSource>
<nameOnTarget>patri</nameOnTarget>
<optionalSource>false</optionalSource>
<optionalTarget>false</optionalTarget>
<sourceCardinality>1</sourceCardinality>
<sourceEntity>E03987CC-5F44-CAC3-99EA-D4882127BA4C</sourceEntity>
<targetCardinalityString>*</targetCardinalityString>
<targetEntity>60DB2AA7-E5E2-B7ED-A550-91A9D27269D0</targetEntity>
<transferable>true</transferable>
<deleteRule>NO ACTION</deleteRule>
</Relation>