<?xml version = '1.0' encoding = 'UTF-8'?>
<Relation class="oracle.dbtools.crest.model.design.logical.Relation" name="ucitel_uci" directorySegmentName="seg_0" id="D17A6BEA-2B77-CDFF-9BFC-835039FFBCFB">
<createdBy>Tam1</createdBy>
<createdTime>2018-03-14 13:56:52 UTC</createdTime>
<ownerDesignName>new</ownerDesignName>
<engineerTo>
<item key="CA300976-B672-EECB-B156-C09CCC4A494B" value="true"/>
</engineerTo>
<sourcePk>A0A9BF3E-610F-CD3E-F182-7116515BDE7B</sourcePk>
<targetPk>3EF30935-8E0B-AFDF-8CC7-EAF1B460F18B</targetPk>
<identifying>false</identifying>
<nameOnSource>uci</nameOnSource>
<nameOnTarget>je vyucovan</nameOnTarget>
<optionalSource>false</optionalSource>
<optionalTarget>false</optionalTarget>
<sourceCardinality>1</sourceCardinality>
<sourceEntity>C8108B16-ADD9-E8A0-C51F-34E416128972</sourceEntity>
<targetCardinalityString>1</targetCardinalityString>
<targetEntity>B5C49E26-9A62-E1E0-8D89-4B241BF79E3A</targetEntity>
<transferable>true</transferable>
<deleteRule>NO ACTION</deleteRule>
</Relation>