<?xml version = '1.0' encoding = 'UTF-8'?>
<Relation class="oracle.dbtools.crest.model.design.logical.Relation" name="predmet_v_rocniku" directorySegmentName="seg_0" id="D4004BFC-8AD5-5975-9BB4-E83086FAD1A8">
<createdBy>Tam1</createdBy>
<createdTime>2018-04-09 21:04:38 UTC</createdTime>
<ownerDesignName>new</ownerDesignName>
<engineerTo>
<item key="CA300976-B672-EECB-B156-C09CCC4A494B" value="true"/>
</engineerTo>
<identifying>false</identifying>
<nameOnSource>obsahuje</nameOnSource>
<nameOnTarget>se vyucuje</nameOnTarget>
<optionalSource>false</optionalSource>
<optionalTarget>false</optionalTarget>
<sourceCardinality>*</sourceCardinality>
<sourceEntity>FE19C06D-05E5-F908-F4B6-99AE61655672</sourceEntity>
<targetCardinalityString>*</targetCardinalityString>
<targetEntity>A27B5FE8-A8DF-7C8C-0C47-47A9CC664605</targetEntity>
<transferable>true</transferable>
<deleteRule>NO ACTION</deleteRule>
</Relation>