<?xml version = '1.0' encoding = 'UTF-8'?>
<Relation class="oracle.dbtools.crest.model.design.logical.Relation" name="je_primus" directorySegmentName="seg_0" id="E8AFB1AE-1C5B-0ACE-AB19-D0C30A5D7DC6">
<createdBy>Tam1</createdBy>
<createdTime>2018-03-15 18:15:47 UTC</createdTime>
<ownerDesignName>new</ownerDesignName>
<engineerTo>
<item key="CA300976-B672-EECB-B156-C09CCC4A494B" value="true"/>
</engineerTo>
<sourcePk>C3652165-E446-99C6-7EC8-9829046E8FC3</sourcePk>
<identifying>true</identifying>
<nameOnSource>je zvolen</nameOnSource>
<nameOnTarget>je</nameOnTarget>
<optionalSource>true</optionalSource>
<optionalTarget>false</optionalTarget>
<sourceCardinality>1</sourceCardinality>
<sourceEntity>484A2861-D33A-3B93-5C57-71D4F94D9F1F</sourceEntity>
<targetCardinalityString>1</targetCardinalityString>
<targetEntity>C192437C-6B5F-9B91-4DE2-8527339021D2</targetEntity>
<transferable>true</transferable>
<deleteRule>NO ACTION</deleteRule>
</Relation>