<?xml version = '1.0' encoding = 'UTF-8'?>
<Relation class="oracle.dbtools.crest.model.design.logical.Relation" name="studuje" directorySegmentName="seg_0" id="FEAA8BC3-0DF9-0D19-2515-82AF8D72F047">
<createdBy>Tam1</createdBy>
<createdTime>2018-04-09 21:35:08 UTC</createdTime>
<ownerDesignName>new</ownerDesignName>
<engineerTo>
<item key="CA300976-B672-EECB-B156-C09CCC4A494B" value="true"/>
</engineerTo>
<identifying>false</identifying>
<nameOnSource>je v rozvrhu</nameOnSource>
<nameOnTarget>studuje</nameOnTarget>
<optionalSource>true</optionalSource>
<optionalTarget>true</optionalTarget>
<sourceCardinality>*</sourceCardinality>
<sourceEntity>29E8864F-E0DC-2E0E-2B5B-8C5905D8855D</sourceEntity>
<targetCardinalityString>*</targetCardinalityString>
<targetEntity>63CB5728-F114-83D4-045C-2024D03D1877</targetEntity>
<transferable>true</transferable>
<deleteRule>NO ACTION</deleteRule>
</Relation>