<?xml version = '1.0' encoding = 'UTF-8'?>
<Diagram class="oracle.dbtools.crest.swingui.relational.DPVRelational" name="Relational_1" id="3E0BE164-A543-DDBB-D230-590DFE7E811E">
<createdBy>Tam1</createdBy>
<modifiedBy>Tam1</modifiedBy>
<createdTime>2018-04-19 16:42:03 UTC</createdTime>
<autoRoute>false</autoRoute>
<boxInbox>true</boxInbox>
<showLegend>false</showLegend>
<showLabels>true</showLabels>
<showRelAttributes>false</showRelAttributes>
<gridEnabled>false</gridEnabled>
<showGrid>false</showGrid>
<diagramColor>-1</diagramColor>
<display>false</display>
<notation>1</notation>
<objectViews>
<OView class="oracle.dbtools.crest.swingui.relational.TVTable" oid="12A46093-D108-3360-652F-6CE04FB42955" otype="Table" vid="6A42B205-CAAB-D679-61CD-A2552DF9482A">
<hideElementsInCurrentOnly>false</hideElementsInCurrentOnly>
<bounds x="1356" y="566" width="303" height="220"/>
</OView>
<OView class="oracle.dbtools.crest.swingui.relational.TVTable" oid="1E0CB422-DBA6-B8A4-91A4-C90B05E92E8E" otype="Table" vid="D8EC20F8-9446-C0E4-A821-066D695FAFA9">
<hideElementsInCurrentOnly>false</hideElementsInCurrentOnly>
<bounds x="433" y="772" width="259" height="94"/>
</OView>
<OView class="oracle.dbtools.crest.swingui.relational.TVTable" oid="1F54ADE6-92CD-DF23-E8F7-7630D779B1BF" otype="Table" vid="4778B78F-51DA-6377-98F8-CAAD7A55849F">
<hideElementsInCurrentOnly>false</hideElementsInCurrentOnly>
<bounds x="1674" y="228" width="296" height="94"/>
</OView>
<OView class="oracle.dbtools.crest.swingui.relational.TVTable" oid="27F4DFB8-1276-588C-D258-CB07170FAFB6" otype="Table" vid="0226E23A-E27A-C978-5453-B611F72FAE6E">
<hideElementsInCurrentOnly>false</hideElementsInCurrentOnly>
<bounds x="420" y="168" width="271" height="94"/>
</OView>
<OView class="oracle.dbtools.crest.swingui.relational.TVTable" oid="2F6B5910-58EB-1D33-B4AD-853022676A13" otype="Table" vid="3AF92C82-97FD-1A10-887F-4EE463153BFE">
<hideElementsInCurrentOnly>false</hideElementsInCurrentOnly>
<bounds x="462" y="514" width="285" height="108"/>
</OView>
<OView class="oracle.dbtools.crest.swingui.relational.TVTable" oid="343246B4-D90E-8F3E-AB0F-C3125EA66246" otype="Table" vid="B2FB1179-BAEA-75D6-90FD-B98F9E59CF8A">
<hideElementsInCurrentOnly>false</hideElementsInCurrentOnly>
<bounds x="897" y="513" width="315" height="108"/>
</OView>
<OView class="oracle.dbtools.crest.swingui.relational.TVTable" oid="5371501E-BD38-2310-BAD3-D7C9204CA887" otype="Table" vid="BE00692C-3232-2D18-FD37-5C972353DF51">
<hideElementsInCurrentOnly>false</hideElementsInCurrentOnly>
<bounds x="1677" y="397" width="289" height="94"/>
</OView>
<OView class="oracle.dbtools.crest.swingui.relational.TVTable" oid="5676BEF5-58F9-8981-86B5-3A5FEC342A97" otype="Table" vid="6D350C0C-D98E-2875-3D25-A3E81ED8790C">
<hideElementsInCurrentOnly>false</hideElementsInCurrentOnly>
<bounds x="419" y="62" width="272" height="94"/>
</OView>
<OView class="oracle.dbtools.crest.swingui.relational.TVTable" oid="5BA257A9-CF12-5671-96CC-DBAD6D9F8EA7" otype="Table" vid="BD67F923-14E2-9808-E2DA-411DBE5E3876">
<hideElementsInCurrentOnly>false</hideElementsInCurrentOnly>
<bounds x="897" y="741" width="314" height="150"/>
</OView>
<OView class="oracle.dbtools.crest.swingui.relational.TVTable" oid="6CD615F6-6E5B-563C-2FFD-B1F26264E494" otype="Table" vid="8D053656-BB2C-28FA-B5F6-1DD9B2D398B8">
<hideElementsInCurrentOnly>false</hideElementsInCurrentOnly>
<bounds x="13" y="287" width="271" height="156"/>
</OView>
<OView class="oracle.dbtools.crest.swingui.relational.TVTable" oid="718F2DE6-03EC-EC64-FF4E-1CE6A1B7F1B2" otype="Table" vid="A356B7D8-118A-66A5-B0B8-06BAF0019284">
<hideElementsInCurrentOnly>false</hideElementsInCurrentOnly>
<bounds x="22" y="691" width="200" height="156"/>
</OView>
<OView class="oracle.dbtools.crest.swingui.relational.TVTable" oid="77697BB9-649E-9194-2E6E-50333709F0E7" otype="Table" vid="6C6FA8CB-8C1D-4A9A-E4BE-063F5E4B9AB5">
<hideElementsInCurrentOnly>false</hideElementsInCurrentOnly>
<bounds x="957" y="105" width="313" height="108"/>
</OView>
<OView class="oracle.dbtools.crest.swingui.relational.TVTable" oid="A312FE05-1C52-C021-2953-85A36C0482FD" otype="Table" vid="B515B791-5C85-AF43-5563-B18702973413">
<hideElementsInCurrentOnly>false</hideElementsInCurrentOnly>
<bounds x="705" y="20" width="231" height="102"/>
</OView>
<OView class="oracle.dbtools.crest.swingui.relational.TVTable" oid="C9762858-AD5F-794D-2227-4B90137D07B4" otype="Table" vid="1C451CC5-3E81-CE37-71DB-67D379BBF5BA">
<hideElementsInCurrentOnly>false</hideElementsInCurrentOnly>
<bounds x="1459" y="147" width="148" height="60"/>
</OView>
<OView class="oracle.dbtools.crest.swingui.relational.TVTable" oid="D18FBCCC-6CEF-6B32-0FBB-111E84F30FB8" otype="Table" vid="8649DCC1-A62C-1CB3-9355-4ED23448ED2D">
<hideElementsInCurrentOnly>false</hideElementsInCurrentOnly>
<bounds x="634" y="304" width="305" height="128"/>
</OView>
<OView class="oracle.dbtools.crest.swingui.relational.TVTable" oid="E7D0451A-C08E-4280-F8B7-8E571E7BBAFE" otype="Table" vid="33EB315A-A476-4457-CDBB-453BCE565E6A">
<hideElementsInCurrentOnly>false</hideElementsInCurrentOnly>
<bounds x="1100" y="351" width="238" height="108"/>
</OView>
<OView class="oracle.dbtools.crest.swingui.relational.TVTable" oid="FD26F8DA-0EAA-F4AB-128E-B3382700128C" otype="Table" vid="DA22ADAA-98B6-19C7-40E7-1E5933B8D744">
<hideElementsInCurrentOnly>false</hideElementsInCurrentOnly>
<bounds x="17" y="18" width="256" height="164"/>
</OView>
</objectViews>
<connectors>
<Connector class="oracle.dbtools.crest.swingui.relational.TVFKRelation" oid="1382F9E2-B467-3007-0760-7D0C73606C07" otype="FKIndexAssociation" vid_source="D8EC20F8-9446-C0E4-A821-066D695FAFA9" vid_target="BD67F923-14E2-9808-E2DA-411DBE5E3876">
<hideElementsInCurrentOnly>false</hideElementsInCurrentOnly>
<backgroundColor>-16777216</backgroundColor>
<lineWidth>1</lineWidth>
<centerLabel class="oracle.dbtools.crest.model.design.Label">
<site>1</site>
<labelBounds x="195" y="0" width="485" height="30"/>
<noBackgroundColor>true</noBackgroundColor>
<noForegroundColor>true</noForegroundColor>
</centerLabel>
<points>
<point x="692" y="827"/>
<point x="1010" y="827"/>
<point x="1010" y="855"/>
</points>
</Connector>
<Connector class="oracle.dbtools.crest.swingui.relational.TVFKRelation" oid="1E145BA1-4320-B6D2-D925-4C58515AA293" otype="FKIndexAssociation" vid_source="3AF92C82-97FD-1A10-887F-4EE463153BFE" vid_target="B2FB1179-BAEA-75D6-90FD-B98F9E59CF8A">
<hideElementsInCurrentOnly>false</hideElementsInCurrentOnly>
<backgroundColor>-16777216</backgroundColor>
<lineWidth>1</lineWidth>
<centerLabel class="oracle.dbtools.crest.model.design.Label">
<site>1</site>
<labelBounds x="172" y="37" width="120" height="28"/>
<noBackgroundColor>true</noBackgroundColor>
<noForegroundColor>true</noForegroundColor>
</centerLabel>
<points>
<point x="462" y="514"/>
<point x="897" y="513"/>
</points>
</Connector>
<Connector class="oracle.dbtools.crest.swingui.relational.TVFKRelation" oid="1E1B27C1-6369-BD4D-0019-7CF6EFB6E048" otype="FKIndexAssociation" vid_source="DA22ADAA-98B6-19C7-40E7-1E5933B8D744" vid_target="6D350C0C-D98E-2875-3D25-A3E81ED8790C">
<hideElementsInCurrentOnly>false</hideElementsInCurrentOnly>
<backgroundColor>-16777216</backgroundColor>
<lineWidth>1</lineWidth>
<centerLabel class="oracle.dbtools.crest.model.design.Label">
<site>1</site>
<labelBounds x="34" y="0" width="132" height="54"/>
<noBackgroundColor>true</noBackgroundColor>
<noForegroundColor>true</noForegroundColor>
</centerLabel>
<points>
<point x="273" y="121"/>
<point x="353" y="121"/>
<point x="419" y="121"/>
</points>
</Connector>
<Connector class="oracle.dbtools.crest.swingui.relational.TVFKRelation" oid="218CCE94-6B12-47F4-9B5D-81906932E022" otype="FKIndexAssociation" vid_source="A356B7D8-118A-66A5-B0B8-06BAF0019284" vid_target="6A42B205-CAAB-D679-61CD-A2552DF9482A">
<hideElementsInCurrentOnly>false</hideElementsInCurrentOnly>
<backgroundColor>-16777216</backgroundColor>
<lineWidth>1</lineWidth>
<centerLabel class="oracle.dbtools.crest.model.design.Label">
<site>1</site>
<labelBounds x="-103" y="-31" width="102" height="30"/>
<noBackgroundColor>true</noBackgroundColor>
<noForegroundColor>true</noForegroundColor>
</centerLabel>
<points>
<point x="222" y="725"/>
<point x="633" y="725"/>
<point x="1356" y="725"/>
</points>
</Connector>
<Connector class="oracle.dbtools.crest.swingui.relational.TVFKRelation" oid="3052207C-2886-393F-F8DB-E05D209D729E" otype="FKIndexAssociation" vid_source="6A42B205-CAAB-D679-61CD-A2552DF9482A" vid_target="B2FB1179-BAEA-75D6-90FD-B98F9E59CF8A">
<hideElementsInCurrentOnly>false</hideElementsInCurrentOnly>
<backgroundColor>-16777216</backgroundColor>
<lineWidth>1</lineWidth>
<centerLabel class="oracle.dbtools.crest.model.design.Label">
<site>1</site>
<labelBounds x="-111" y="-31" width="111" height="30"/>
<noBackgroundColor>true</noBackgroundColor>
<noForegroundColor>true</noForegroundColor>
</centerLabel>
<points>
<point x="1356" y="593"/>
<point x="1212" y="593"/>
</points>
</Connector>
<Connector class="oracle.dbtools.crest.swingui.relational.TVFKRelation" oid="41CF97D3-D220-069D-AF33-1998AC197FCF" otype="FKIndexAssociation" vid_source="8D053656-BB2C-28FA-B5F6-1DD9B2D398B8" vid_target="A356B7D8-118A-66A5-B0B8-06BAF0019284">
<hideElementsInCurrentOnly>false</hideElementsInCurrentOnly>
<backgroundColor>-16777216</backgroundColor>
<lineWidth>1</lineWidth>
<centerLabel class="oracle.dbtools.crest.model.design.Label">
<site>1</site>
<labelBounds x="-93" y="-31" width="93" height="30"/>
<noBackgroundColor>true</noBackgroundColor>
<noForegroundColor>true</noForegroundColor>
</centerLabel>
<points>
<point x="122" y="443"/>
<point x="122" y="691"/>
</points>
</Connector>
<Connector class="oracle.dbtools.crest.swingui.relational.TVFKRelation" oid="4AE37F51-B5AB-CE2B-5348-555C9562054A" otype="FKIndexAssociation" vid_source="8649DCC1-A62C-1CB3-9355-4ED23448ED2D" vid_target="8D053656-BB2C-28FA-B5F6-1DD9B2D398B8">
<hideElementsInCurrentOnly>false</hideElementsInCurrentOnly>
<backgroundColor>-16777216</backgroundColor>
<lineWidth>1</lineWidth>
<centerLabel class="oracle.dbtools.crest.model.design.Label">
<site>1</site>
<labelBounds x="-109" y="-31" width="108" height="30"/>
<noBackgroundColor>true</noBackgroundColor>
<noForegroundColor>true</noForegroundColor>
</centerLabel>
<points>
<point x="634" y="325"/>
<point x="460" y="325"/>
<point x="284" y="325"/>
</points>
</Connector>
<Connector class="oracle.dbtools.crest.swingui.relational.TVFKRelation" oid="4C4F3077-6FDE-6191-8EF9-E2C878626C0F" otype="FKIndexAssociation" vid_source="8649DCC1-A62C-1CB3-9355-4ED23448ED2D" vid_target="3AF92C82-97FD-1A10-887F-4EE463153BFE">
<hideElementsInCurrentOnly>false</hideElementsInCurrentOnly>
<backgroundColor>-16777216</backgroundColor>
<lineWidth>1</lineWidth>
<centerLabel class="oracle.dbtools.crest.model.design.Label">
<site>1</site>
<labelBounds x="240" y="292" width="161" height="35"/>
<noBackgroundColor>true</noBackgroundColor>
<noForegroundColor>true</noForegroundColor>
</centerLabel>
<points>
<point x="697" y="432"/>
<point x="697" y="474"/>
<point x="697" y="514"/>
</points>
</Connector>
<Connector class="oracle.dbtools.crest.swingui.relational.TVFKRelation" oid="54DC90F1-39E2-E7C9-EC8A-AC3D37EEE796" otype="FKIndexAssociation" vid_source="DA22ADAA-98B6-19C7-40E7-1E5933B8D744" vid_target="8D053656-BB2C-28FA-B5F6-1DD9B2D398B8">
<hideElementsInCurrentOnly>false</hideElementsInCurrentOnly>
<backgroundColor>-16777216</backgroundColor>
<lineWidth>1</lineWidth>
<centerLabel class="oracle.dbtools.crest.model.design.Label">
<site>1</site>
<labelBounds x="0" y="0" width="132" height="32"/>
<noBackgroundColor>true</noBackgroundColor>
<noForegroundColor>true</noForegroundColor>
</centerLabel>
<points>
<point x="122" y="182"/>
<point x="122" y="263"/>
<point x="122" y="287"/>
</points>
</Connector>
<Connector class="oracle.dbtools.crest.swingui.relational.TVFKRelation" oid="5647AE31-F97C-277D-7166-6D6860CDF8A5" otype="FKIndexAssociation" vid_source="33EB315A-A476-4457-CDBB-453BCE565E6A" vid_target="6C6FA8CB-8C1D-4A9A-E4BE-063F5E4B9AB5">
<hideElementsInCurrentOnly>false</hideElementsInCurrentOnly>
<backgroundColor>-16777216</backgroundColor>
<lineWidth>1</lineWidth>
<centerLabel class="oracle.dbtools.crest.model.design.Label">
<site>1</site>
<labelBounds x="-169" y="-31" width="168" height="30"/>
<noBackgroundColor>true</noBackgroundColor>
<noForegroundColor>true</noForegroundColor>
</centerLabel>
<points>
<point x="1193" y="351"/>
<point x="1193" y="275"/>
<point x="1193" y="213"/>
</points>
</Connector>
<Connector class="oracle.dbtools.crest.swingui.relational.TVFKRelation" oid="648C5B40-79D3-689F-66D6-09C66C47D5A6" otype="FKIndexAssociation" vid_source="DA22ADAA-98B6-19C7-40E7-1E5933B8D744" vid_target="0226E23A-E27A-C978-5453-B611F72FAE6E">
<hideElementsInCurrentOnly>false</hideElementsInCurrentOnly>
<backgroundColor>-16777216</backgroundColor>
<lineWidth>1</lineWidth>
<centerLabel class="oracle.dbtools.crest.model.design.Label">
<site>1</site>
<labelBounds x="0" y="0" width="143" height="30"/>
<noBackgroundColor>true</noBackgroundColor>
<noForegroundColor>true</noForegroundColor>
</centerLabel>
<points>
<point x="257" y="182"/>
<point x="257" y="237"/>
<point x="420" y="237"/>
</points>
</Connector>
<Connector class="oracle.dbtools.crest.swingui.relational.TVFKRelation" oid="6AB4DE5B-09EF-BDF5-E645-51DFA9B82F20" otype="FKIndexAssociation" vid_source="8649DCC1-A62C-1CB3-9355-4ED23448ED2D" vid_target="33EB315A-A476-4457-CDBB-453BCE565E6A">
<hideElementsInCurrentOnly>false</hideElementsInCurrentOnly>
<backgroundColor>-16777216</backgroundColor>
<lineWidth>1</lineWidth>
<centerLabel class="oracle.dbtools.crest.model.design.Label">
<site>1</site>
<labelBounds x="-119" y="-31" width="118" height="30"/>
<noBackgroundColor>true</noBackgroundColor>
<noForegroundColor>true</noForegroundColor>
</centerLabel>
<points>
<point x="939" y="395"/>
<point x="1019" y="395"/>
<point x="1100" y="395"/>
</points>
</Connector>
<Connector class="oracle.dbtools.crest.swingui.relational.TVFKRelation" oid="6CB4A72B-50D8-9BE0-BB58-AE7D4FC4610E" otype="FKIndexAssociation" vid_source="A356B7D8-118A-66A5-B0B8-06BAF0019284" vid_target="D8EC20F8-9446-C0E4-A821-066D695FAFA9">
<hideElementsInCurrentOnly>false</hideElementsInCurrentOnly>
<backgroundColor>-16777216</backgroundColor>
<lineWidth>1</lineWidth>
<centerLabel class="oracle.dbtools.crest.model.design.Label">
<site>1</site>
<labelBounds x="-115" y="-31" width="114" height="30"/>
<noBackgroundColor>true</noBackgroundColor>
<noForegroundColor>true</noForegroundColor>
</centerLabel>
<points>
<point x="222" y="826"/>
<point x="364" y="826"/>
<point x="433" y="826"/>
</points>
</Connector>
<Connector class="oracle.dbtools.crest.swingui.relational.TVFKRelation" oid="75C57E07-9190-CA88-B809-624E74634908" otype="FKIndexAssociation" vid_source="B515B791-5C85-AF43-5563-B18702973413" vid_target="6A42B205-CAAB-D679-61CD-A2552DF9482A">
<hideElementsInCurrentOnly>false</hideElementsInCurrentOnly>
<backgroundColor>-16777216</backgroundColor>
<lineWidth>1</lineWidth>
<centerLabel class="oracle.dbtools.crest.model.design.Label">
<site>1</site>
<labelBounds x="-109" y="-31" width="109" height="30"/>
<noBackgroundColor>true</noBackgroundColor>
<noForegroundColor>true</noForegroundColor>
</centerLabel>
<points>
<point x="936" y="40"/>
<point x="1620" y="40"/>
<point x="1620" y="566"/>
</points>
</Connector>
<Connector class="oracle.dbtools.crest.swingui.relational.TVFKRelation" oid="8F085410-3362-AC4B-7F6F-923FC476EB83" otype="FKIndexAssociation" vid_source="8D053656-BB2C-28FA-B5F6-1DD9B2D398B8" vid_target="8649DCC1-A62C-1CB3-9355-4ED23448ED2D">
<hideElementsInCurrentOnly>false</hideElementsInCurrentOnly>
<backgroundColor>-16777216</backgroundColor>
<lineWidth>1</lineWidth>
<centerLabel class="oracle.dbtools.crest.model.design.Label">
<site>1</site>
<labelBounds x="-109" y="-31" width="108" height="30"/>
<noBackgroundColor>true</noBackgroundColor>
<noForegroundColor>true</noForegroundColor>
</centerLabel>
<points>
<point x="284" y="410"/>
<point x="454" y="410"/>
<point x="634" y="410"/>
</points>
</Connector>
<Connector class="oracle.dbtools.crest.swingui.relational.TVFKRelation" oid="94A99FFB-D287-033F-DBA6-8ACA4B496A4F" otype="FKIndexAssociation" vid_source="1C451CC5-3E81-CE37-71DB-67D379BBF5BA" vid_target="6C6FA8CB-8C1D-4A9A-E4BE-063F5E4B9AB5">
<hideElementsInCurrentOnly>false</hideElementsInCurrentOnly>
<backgroundColor>-16777216</backgroundColor>
<lineWidth>1</lineWidth>
<centerLabel class="oracle.dbtools.crest.model.design.Label">
<site>1</site>
<labelBounds x="-163" y="-31" width="162" height="30"/>
<noBackgroundColor>true</noBackgroundColor>
<noForegroundColor>true</noForegroundColor>
</centerLabel>
<points>
<point x="1459" y="207"/>
<point x="957" y="213"/>
</points>
</Connector>
<Connector class="oracle.dbtools.crest.swingui.relational.TVFKRelation" oid="A3F61401-0F67-C8F4-8A18-FFD48BAEF000" otype="FKIndexAssociation" vid_source="BE00692C-3232-2D18-FD37-5C972353DF51" vid_target="4778B78F-51DA-6377-98F8-CAAD7A55849F">
<hideElementsInCurrentOnly>false</hideElementsInCurrentOnly>
<backgroundColor>-16777216</backgroundColor>
<lineWidth>1</lineWidth>
<centerLabel class="oracle.dbtools.crest.model.design.Label">
<site>1</site>
<labelBounds x="-105" y="-31" width="104" height="30"/>
<noBackgroundColor>true</noBackgroundColor>
<noForegroundColor>true</noForegroundColor>
</centerLabel>
<points>
<point x="1778" y="397"/>
<point x="1778" y="368"/>
<point x="1778" y="322"/>
</points>
</Connector>
<Connector class="oracle.dbtools.crest.swingui.relational.TVFKRelation" oid="BBD37A8D-6F27-55CA-62EE-664EB4EEB42F" otype="FKIndexAssociation" vid_source="6A42B205-CAAB-D679-61CD-A2552DF9482A" vid_target="BE00692C-3232-2D18-FD37-5C972353DF51">
<hideElementsInCurrentOnly>false</hideElementsInCurrentOnly>
<backgroundColor>-16777216</backgroundColor>
<lineWidth>1</lineWidth>
<centerLabel class="oracle.dbtools.crest.model.design.Label">
<site>1</site>
<labelBounds x="-109" y="-31" width="109" height="30"/>
<noBackgroundColor>true</noBackgroundColor>
<noForegroundColor>true</noForegroundColor>
</centerLabel>
<points>
<point x="1659" y="725"/>
<point x="1778" y="725"/>
<point x="1778" y="491"/>
</points>
</Connector>
<Connector class="oracle.dbtools.crest.swingui.relational.TVFKRelation" oid="D104E004-C428-1D08-5FCB-5CD580C75DAB" otype="FKIndexAssociation" vid_source="B515B791-5C85-AF43-5563-B18702973413" vid_target="DA22ADAA-98B6-19C7-40E7-1E5933B8D744">
<hideElementsInCurrentOnly>false</hideElementsInCurrentOnly>
<backgroundColor>-16777216</backgroundColor>
<lineWidth>1</lineWidth>
<centerLabel class="oracle.dbtools.crest.model.design.Label">
<site>1</site>
<labelBounds x="-137" y="-31" width="136" height="30"/>
<noBackgroundColor>true</noBackgroundColor>
<noForegroundColor>true</noForegroundColor>
</centerLabel>
<points>
<point x="705" y="37"/>
<point x="495" y="37"/>
<point x="273" y="37"/>
</points>
</Connector>
<Connector class="oracle.dbtools.crest.swingui.relational.TVFKRelation" oid="EB0772BD-8D8B-3383-9197-0C9C37421B16" otype="FKIndexAssociation" vid_source="6A42B205-CAAB-D679-61CD-A2552DF9482A" vid_target="BD67F923-14E2-9808-E2DA-411DBE5E3876">
<hideElementsInCurrentOnly>false</hideElementsInCurrentOnly>
<backgroundColor>-16777216</backgroundColor>
<lineWidth>1</lineWidth>
<centerLabel class="oracle.dbtools.crest.model.design.Label">
<site>1</site>
<labelBounds x="-99" y="-31" width="99" height="30"/>
<noBackgroundColor>true</noBackgroundColor>
<noForegroundColor>true</noForegroundColor>
</centerLabel>
<points>
<point x="1492" y="786"/>
<point x="1492" y="828"/>
<point x="1211" y="828"/>
</points>
</Connector>
<Connector class="oracle.dbtools.crest.swingui.relational.TVFKRelation" oid="FF971396-8A74-0001-DA98-DE3F42EF34AF" otype="FKIndexAssociation" vid_source="1C451CC5-3E81-CE37-71DB-67D379BBF5BA" vid_target="6A42B205-CAAB-D679-61CD-A2552DF9482A">
<hideElementsInCurrentOnly>false</hideElementsInCurrentOnly>
<backgroundColor>-16777216</backgroundColor>
<lineWidth>1</lineWidth>
<centerLabel class="oracle.dbtools.crest.model.design.Label">
<site>1</site>
<labelBounds x="-109" y="-31" width="109" height="30"/>
<noBackgroundColor>true</noBackgroundColor>
<noForegroundColor>true</noForegroundColor>
</centerLabel>
<points>
<point x="1482" y="207"/>
<point x="1482" y="364"/>
<point x="1482" y="566"/>
</points>
</Connector>
</connectors>
<arcs>
<Arc class="oracle.dbtools.crest.swingui.relational.TVFKArc" oid="B4231526-C2EE-0D70-F2E3-DFDA9CFB564F" otype="FKArc" vid="120DA72C-9BA2-07C7-974C-8EB488849397">
<hideElementsInCurrentOnly>false</hideElementsInCurrentOnly>
<bounds x="-3" y="-2" width="296" height="204"/>
</Arc>
<Arc class="oracle.dbtools.crest.swingui.relational.TVFKArc" oid="F12D8ECF-0199-13AD-FA95-DC2B59EE3E1B" otype="FKArc" vid="5A7DE0A7-BCB8-BF9D-83B9-4B8F96164E1C">
<hideElementsInCurrentOnly>false</hideElementsInCurrentOnly>
<bounds x="614" y="284" width="345" height="168"/>
</Arc>
</arcs>
</Diagram>