<?xml version = '1.0' encoding = 'UTF-8'?>
<Diagram class="oracle.dbtools.crest.swingui.relational.DPVRelationalSubView" name="From_LM_Logical - SubView_1" id="A9954441-98C2-EAC7-D151-B097D37FEEFF">
<createdBy>Tam1</createdBy>
<modifiedBy>Tam1</modifiedBy>
<createdTime>2018-04-19 16:42:03 UTC</createdTime>
<autoRoute>false</autoRoute>
<boxInbox>true</boxInbox>
<showLegend>false</showLegend>
<showLabels>false</showLabels>
<showRelAttributes>false</showRelAttributes>
<gridEnabled>false</gridEnabled>
<showGrid>false</showGrid>
<diagramColor>-1</diagramColor>
<display>false</display>
<generatorId>D6D48131-C7EF-C2D4-795B-0CA68DB19F0F</generatorId>
<notation>1</notation>
<objectViews>
<OView class="oracle.dbtools.crest.swingui.relational.TVTable" oid="D18FBCCC-6CEF-6B32-0FBB-111E84F30FB8" otype="Table" vid="61AE37D6-68D7-3498-DE05-B5B110973487">
<hideElementsInCurrentOnly>false</hideElementsInCurrentOnly>
<bounds x="353" y="344" width="139" height="137"/>
<generatorID>EA972845-C375-6F09-058B-D183189159AF</generatorID>
</OView>
<OView class="oracle.dbtools.crest.swingui.relational.TVTable" oid="E7D0451A-C08E-4280-F8B7-8E571E7BBAFE" otype="Table" vid="5A0D3010-E037-6619-095C-99C39760D3B9">
<hideElementsInCurrentOnly>false</hideElementsInCurrentOnly>
<bounds x="383" y="360" width="99" height="52"/>
<generatorID>F173B25C-5025-30E6-22F4-CF42BCC83250</generatorID>
</OView>
</objectViews>
<connectors>
<Connector class="oracle.dbtools.crest.swingui.relational.TVFKRelation" oid="6AB4DE5B-09EF-BDF5-E645-51DFA9B82F20" otype="FKIndexAssociation" vid_source="61AE37D6-68D7-3498-DE05-B5B110973487" vid_target="5A0D3010-E037-6619-095C-99C39760D3B9">
<hideElementsInCurrentOnly>false</hideElementsInCurrentOnly>
<backgroundColor>-16777216</backgroundColor>
<lineWidth>1</lineWidth>
<points>
<point x="414" y="344"/>
<point x="482" y="386"/>
</points>
</Connector>
</connectors>
</Diagram>