<?xml version = '1.0' encoding = 'UTF-8'?>
<FKIndexAssociation class="oracle.dbtools.crest.model.design.relational.FKIndexAssociation" directorySegmentName="seg_0" id="00BF3976-2045-D9B5-9FA2-B53D7746DD6B" containerWithKeyObject="95597616-B8F7-8C1A-A8C6-4BE621A5C1C7" localFKIndex="1F229A19-02DF-D9C5-D623-9A15E03360A8" name="Ostatni_Zamestnanec_FK">
<createdBy>Tam1</createdBy>
<createdTime>2018-04-15 17:38:10 UTC</createdTime>
<generatorID>51D618A4-9D94-29F8-51B9-4087B72A54F4</generatorID>
<ownerDesignName>new</ownerDesignName>
<referredTableLongName>Zamestnanec</referredTableLongName>
<arc>266B88EB-65DC-C0AB-425F-EB044865BE17</arc>
<deleteRule>NO ACTION</deleteRule>
<referredTableID>FAF10E8B-C4F6-7B53-73EE-A2D5E88DA5FF</referredTableID>
<keyObject>68E8FCD5-68F4-AD33-F6CB-E34977A0FB85</keyObject>
<referredKeyID>68E8FCD5-68F4-AD33-F6CB-E34977A0FB85</referredKeyID>
<mandatory>true</mandatory>
<refColNames>id_zamestnanec</refColNames>
<transferable>true</transferable>
<rely>false</rely>
<columnDependencyConstraintGenerateInDDL>true</columnDependencyConstraintGenerateInDDL>
</FKIndexAssociation>