<?xml version = '1.0' encoding = 'UTF-8'?>
<FKIndexAssociation class="oracle.dbtools.crest.model.design.relational.FKIndexAssociation" directorySegmentName="seg_0" id="02FC49CD-F5EE-7EC1-B1D7-7ECEF5319041" containerWithKeyObject="1C05A3E0-B9E0-79E1-698A-F24D4313DC73" localFKIndex="EDADB165-46D0-FFCB-7CD8-4B2C809D96B1" name="Povinny_Predmet_FK">
<createdBy>Tam1</createdBy>
<createdTime>2018-04-15 17:38:10 UTC</createdTime>
<generatorID>4E64C19F-0075-1343-47A8-BDE3F85F3254</generatorID>
<ownerDesignName>new</ownerDesignName>
<referredTableLongName>Predmet</referredTableLongName>
<arc>9230E857-2282-D223-B6CF-D095344A35F1</arc>
<deleteRule>NO ACTION</deleteRule>
<referredTableID>A081DC10-3291-DA8B-80AD-F87EB8AB9BB5</referredTableID>
<keyObject>726BD117-AF2A-F91D-06B8-F84A59352DB0</keyObject>
<referredKeyID>726BD117-AF2A-F91D-06B8-F84A59352DB0</referredKeyID>
<mandatory>true</mandatory>
<refColNames>nazev</refColNames>
<transferable>true</transferable>
<rely>false</rely>
<discriminatorValue>Povinny</discriminatorValue>
<columnDependencyConstraintGenerateInDDL>true</columnDependencyConstraintGenerateInDDL>
</FKIndexAssociation>