<?xml version = '1.0' encoding = 'UTF-8'?>
<FKIndexAssociation class="oracle.dbtools.crest.model.design.relational.FKIndexAssociation" directorySegmentName="seg_0" id="066F7CF5-5A0F-098D-D26A-462284016B41" containerWithKeyObject="0D28D1DF-1968-3CE2-8EEC-1989C75B348D" localFKIndex="8F0967C5-17EC-F252-9B76-D1C7B16408EE" name="studuje_Student_FK">
<createdBy>Tam1</createdBy>
<createdTime>2018-04-15 17:38:10 UTC</createdTime>
<generatorID>FEAA8BC3-0DF9-0D19-2515-82AF8D72F047</generatorID>
<ownerDesignName>new</ownerDesignName>
<referredTableLongName>Student</referredTableLongName>
<deleteRule>NO ACTION</deleteRule>
<referredTableID>DC1F2AAE-C327-B83A-AFB3-DF265FD813D5</referredTableID>
<keyObject>4A76A0C8-78BE-B4AA-BD16-B1671A80EAB6</keyObject>
<referredKeyID>4A76A0C8-78BE-B4AA-BD16-B1671A80EAB6</referredKeyID>
<mandatory>true</mandatory>
<refColNames>id_student</refColNames>
<transferable>true</transferable>
<rely>false</rely>
<columnDependencyConstraintGenerateInDDL>true</columnDependencyConstraintGenerateInDDL>
</FKIndexAssociation>