<?xml version = '1.0' encoding = 'UTF-8'?>
<FKIndexAssociation class="oracle.dbtools.crest.model.design.relational.FKIndexAssociation" directorySegmentName="seg_0" id="2AB89B93-4FA4-DEF6-A0AE-043BF933CC76" containerWithKeyObject="A081DC10-3291-DA8B-80AD-F87EB8AB9BB5" localFKIndex="A350897B-DA2E-DEAE-5723-5603D8A25F81" name="Predmet_Ucitel_FK">
<createdBy>Tam1</createdBy>
<createdTime>2018-04-15 17:38:10 UTC</createdTime>
<generatorID>D17A6BEA-2B77-CDFF-9BFC-835039FFBCFB</generatorID>
<ownerDesignName>new</ownerDesignName>
<referredTableLongName>Ucitel</referredTableLongName>
<deleteRule>NO ACTION</deleteRule>
<referredTableID>0CCA4C39-B18B-8642-BFE4-FA513B70E384</referredTableID>
<keyObject>0E23AB76-2E91-793E-F00D-36973E3172E7</keyObject>
<referredKeyID>0E23AB76-2E91-793E-F00D-36973E3172E7</referredKeyID>
<mandatory>true</mandatory>
<refColNames>Zamestnanec_id_zamestnanec</refColNames>
<transferable>true</transferable>
<rely>false</rely>
<columnDependencyConstraintGenerateInDDL>true</columnDependencyConstraintGenerateInDDL>
</FKIndexAssociation>