<?xml version = '1.0' encoding = 'UTF-8'?>
<FKIndexAssociation class="oracle.dbtools.crest.model.design.relational.FKIndexAssociation" directorySegmentName="seg_0" id="3BD32632-04C6-A426-C368-6B553DFE8231" containerWithKeyObject="DC1F2AAE-C327-B83A-AFB3-DF265FD813D5" localFKIndex="EFA2C80C-AC23-4704-B474-92E2DB8869ED" name="Student_Rocnik_FK">
<createdBy>Tam1</createdBy>
<createdTime>2018-04-15 17:38:10 UTC</createdTime>
<generatorID>413FC8A8-97AD-D8F2-D98F-968456F94BF1</generatorID>
<ownerDesignName>new</ownerDesignName>
<referredTableLongName>Rocnik</referredTableLongName>
<deleteRule>NO ACTION</deleteRule>
<referredTableID>80FC766C-C4D2-B123-B655-1E030377B362</referredTableID>
<keyObject>B09AB9D9-F8C4-2476-43CC-D22F7FD40CED</keyObject>
<referredKeyID>B09AB9D9-F8C4-2476-43CC-D22F7FD40CED</referredKeyID>
<mandatory>true</mandatory>
<refColNames>id_rocnik</refColNames>
<transferable>true</transferable>
<rely>false</rely>
<columnDependencyConstraintGenerateInDDL>true</columnDependencyConstraintGenerateInDDL>
</FKIndexAssociation>