<?xml version = '1.0' encoding = 'UTF-8'?>
<FKIndexAssociation class="oracle.dbtools.crest.model.design.relational.FKIndexAssociation" directorySegmentName="seg_0" id="587A6130-06AB-2E41-A434-3F0E14AA6729" containerWithKeyObject="FBC91ED0-0AE0-021E-0CA5-FDBB69D79A21" localFKIndex="7F1158CA-949A-9D24-1E8B-8EADD3DC42D8" name="Hrac_Famfrpalovy_tym_FK">
<createdBy>Tam1</createdBy>
<createdTime>2018-04-15 17:38:10 UTC</createdTime>
<generatorID>CC9FFE69-6F80-DB1C-462A-DA78DF3106DD</generatorID>
<ownerDesignName>new</ownerDesignName>
<referredTableLongName>Famfrpalovy_tym</referredTableLongName>
<deleteRule>NO ACTION</deleteRule>
<referredTableID>637A804C-6508-F834-6CA1-007719EC9ED4</referredTableID>
<keyObject>57EBB29B-B2E4-9BCE-052E-D4CC92CF8BF7</keyObject>
<referredKeyID>57EBB29B-B2E4-9BCE-052E-D4CC92CF8BF7</referredKeyID>
<mandatory>true</mandatory>
<refColNames>Kolej_nazev_koleje</refColNames>
<transferable>true</transferable>
<rely>false</rely>
<columnDependencyConstraintGenerateInDDL>true</columnDependencyConstraintGenerateInDDL>
</FKIndexAssociation>