<?xml version = '1.0' encoding = 'UTF-8'?>
<FKIndexAssociation class="oracle.dbtools.crest.model.design.relational.FKIndexAssociation" directorySegmentName="seg_0" id="5BC8FA58-66C2-F376-FCC3-FE76E2A1DB96" containerWithKeyObject="0CCA4C39-B18B-8642-BFE4-FA513B70E384" localFKIndex="07868D88-7A9C-6301-DD38-E8397B15A6C5" name="Ucitel_Predmet_FK">
<createdBy>Tam1</createdBy>
<createdTime>2018-04-15 17:38:10 UTC</createdTime>
<generatorID>D17A6BEA-2B77-CDFF-9BFC-835039FFBCFB</generatorID>
<ownerDesignName>new</ownerDesignName>
<referredTableLongName>Predmet</referredTableLongName>
<deleteRule>NO ACTION</deleteRule>
<referredTableID>A081DC10-3291-DA8B-80AD-F87EB8AB9BB5</referredTableID>
<keyObject>726BD117-AF2A-F91D-06B8-F84A59352DB0</keyObject>
<referredKeyID>726BD117-AF2A-F91D-06B8-F84A59352DB0</referredKeyID>
<mandatory>true</mandatory>
<refColNames>nazev</refColNames>
<transferable>true</transferable>
<rely>false</rely>
<columnDependencyConstraintGenerateInDDL>true</columnDependencyConstraintGenerateInDDL>
</FKIndexAssociation>