<?xml version = '1.0' encoding = 'UTF-8'?>
<FKIndexAssociation class="oracle.dbtools.crest.model.design.relational.FKIndexAssociation" directorySegmentName="seg_0" id="6BC4623A-FED0-8B1B-37DF-C4FF7787CAF1" containerWithKeyObject="2DCC7B11-9E0D-57D2-A747-1E5B0E675A7B" localFKIndex="0A6828CE-3985-ED1D-53BC-A5273BB0FDDB" name="Povinne_volitelny_Predmet_FK">
<createdBy>Tam1</createdBy>
<createdTime>2018-04-15 17:38:10 UTC</createdTime>
<generatorID>006D8B68-1731-8219-A703-B1128C6B5BD8</generatorID>
<ownerDesignName>new</ownerDesignName>
<referredTableLongName>Predmet</referredTableLongName>
<arc>9230E857-2282-D223-B6CF-D095344A35F1</arc>
<deleteRule>NO ACTION</deleteRule>
<referredTableID>A081DC10-3291-DA8B-80AD-F87EB8AB9BB5</referredTableID>
<keyObject>726BD117-AF2A-F91D-06B8-F84A59352DB0</keyObject>
<referredKeyID>726BD117-AF2A-F91D-06B8-F84A59352DB0</referredKeyID>
<mandatory>true</mandatory>
<refColNames>nazev</refColNames>
<transferable>true</transferable>
<rely>false</rely>
<discriminatorValue>Povinne_volitelny</discriminatorValue>
<columnDependencyConstraintGenerateInDDL>true</columnDependencyConstraintGenerateInDDL>
</FKIndexAssociation>