<?xml version = '1.0' encoding = 'UTF-8'?>
<FKIndexAssociation class="oracle.dbtools.crest.model.design.relational.FKIndexAssociation" directorySegmentName="seg_0" id="736F0829-E5C0-928A-3183-E254E9C8D322" containerWithKeyObject="FAF10E8B-C4F6-7B53-73EE-A2D5E88DA5FF" localFKIndex="B324CE76-0BB0-E236-6DB2-105AEF2961EF" name="Zamestnanec_Adresa_FK">
<createdBy>Tam1</createdBy>
<createdTime>2018-04-15 17:38:10 UTC</createdTime>
<generatorID>3A6002E7-EAE4-AD55-ACA0-9863423D9D75</generatorID>
<ownerDesignName>new</ownerDesignName>
<referredTableLongName>Adresa</referredTableLongName>
<deleteRule>NO ACTION</deleteRule>
<referredTableID>78A5547C-5ABE-E095-6FA6-4C9823BBEE62</referredTableID>
<keyObject>F5595A91-8B4F-AD40-97C4-F5480A061F24</keyObject>
<referredKeyID>F5595A91-8B4F-AD40-97C4-F5480A061F24</referredKeyID>
<mandatory>true</mandatory>
<refColNames>adresa_key</refColNames>
<transferable>true</transferable>
<rely>false</rely>
<columnDependencyConstraintGenerateInDDL>true</columnDependencyConstraintGenerateInDDL>
</FKIndexAssociation>