<?xml version = '1.0' encoding = 'UTF-8'?>
<FKIndexAssociation class="oracle.dbtools.crest.model.design.relational.FKIndexAssociation" directorySegmentName="seg_0" id="796F078A-F7F7-336E-8FFB-D7609E0ACCFA" containerWithKeyObject="06C31C11-240E-6F52-6F24-0918AC661925" localFKIndex="0E2025E7-57ED-479E-FF8E-2F98C4D8C37A" name="Kolej_Ucitel_FK">
<createdBy>Tam1</createdBy>
<createdTime>2018-04-15 17:38:10 UTC</createdTime>
<generatorID>49C7089A-DC0D-1CE6-E92A-1A3CA2CC37E5</generatorID>
<ownerDesignName>new</ownerDesignName>
<referredTableLongName>Ucitel</referredTableLongName>
<deleteRule>NO ACTION</deleteRule>
<referredTableID>0CCA4C39-B18B-8642-BFE4-FA513B70E384</referredTableID>
<keyObject>0E23AB76-2E91-793E-F00D-36973E3172E7</keyObject>
<referredKeyID>0E23AB76-2E91-793E-F00D-36973E3172E7</referredKeyID>
<mandatory>true</mandatory>
<refColNames>Zamestnanec_id_zamestnanec</refColNames>
<transferable>true</transferable>
<rely>false</rely>
<columnDependencyConstraintGenerateInDDL>true</columnDependencyConstraintGenerateInDDL>
</FKIndexAssociation>