<?xml version = '1.0' encoding = 'UTF-8'?>
<FKIndexAssociation class="oracle.dbtools.crest.model.design.relational.FKIndexAssociation" directorySegmentName="seg_0" id="91C51B3E-2A2A-BFE6-856C-F04F855ED07F" containerWithKeyObject="FA61D119-7627-CC3D-9FE1-1711018A81A0" localFKIndex="AF59782B-D199-073F-D084-943CDE2FBFA9" name="predmet_v_rocniku_Rocnik_FK">
<createdBy>Tam1</createdBy>
<createdTime>2018-04-15 17:38:10 UTC</createdTime>
<generatorID>D4004BFC-8AD5-5975-9BB4-E83086FAD1A8</generatorID>
<ownerDesignName>new</ownerDesignName>
<referredTableLongName>Rocnik</referredTableLongName>
<deleteRule>NO ACTION</deleteRule>
<referredTableID>80FC766C-C4D2-B123-B655-1E030377B362</referredTableID>
<keyObject>B09AB9D9-F8C4-2476-43CC-D22F7FD40CED</keyObject>
<referredKeyID>B09AB9D9-F8C4-2476-43CC-D22F7FD40CED</referredKeyID>
<mandatory>true</mandatory>
<refColNames>id_rocnik</refColNames>
<transferable>true</transferable>
<rely>false</rely>
<columnDependencyConstraintGenerateInDDL>true</columnDependencyConstraintGenerateInDDL>
</FKIndexAssociation>