<?xml version = '1.0' encoding = 'UTF-8'?>
<FKIndexAssociation class="oracle.dbtools.crest.model.design.relational.FKIndexAssociation" directorySegmentName="seg_0" id="9CB19085-80A1-B9AC-B67D-4D0C6173ED22" containerWithKeyObject="FBC91ED0-0AE0-021E-0CA5-FDBB69D79A21" localFKIndex="47281C94-CDE2-6D63-7740-F2BEFB6F5AB0" name="Hrac_Student_FK">
<createdBy>Tam1</createdBy>
<createdTime>2018-04-15 17:38:10 UTC</createdTime>
<generatorID>CAEECD56-ABDA-2BC1-5F53-5F3274E6B93C</generatorID>
<ownerDesignName>new</ownerDesignName>
<referredTableLongName>Student</referredTableLongName>
<deleteRule>NO ACTION</deleteRule>
<referredTableID>DC1F2AAE-C327-B83A-AFB3-DF265FD813D5</referredTableID>
<keyObject>4A76A0C8-78BE-B4AA-BD16-B1671A80EAB6</keyObject>
<referredKeyID>4A76A0C8-78BE-B4AA-BD16-B1671A80EAB6</referredKeyID>
<mandatory>true</mandatory>
<refColNames>id_student</refColNames>
<transferable>true</transferable>
<rely>false</rely>
<columnDependencyConstraintGenerateInDDL>true</columnDependencyConstraintGenerateInDDL>
</FKIndexAssociation>