<?xml version = '1.0' encoding = 'UTF-8'?>
<FKIndexAssociation class="oracle.dbtools.crest.model.design.relational.FKIndexAssociation" directorySegmentName="seg_0" id="A502E360-8F10-818D-B336-8744787774AB" containerWithKeyObject="75509F25-C2D1-1A7D-1046-ED64A4665139" localFKIndex="5CC62F31-86D2-989E-F72B-4A14A62DEB05" name="Reditel_Zamestnanec_FK">
<createdBy>Tam1</createdBy>
<createdTime>2018-04-15 17:38:10 UTC</createdTime>
<generatorID>30E31192-D988-A081-9EDB-3F56AFEA53CC</generatorID>
<ownerDesignName>new</ownerDesignName>
<referredTableLongName>Zamestnanec</referredTableLongName>
<arc>266B88EB-65DC-C0AB-425F-EB044865BE17</arc>
<deleteRule>NO ACTION</deleteRule>
<referredTableID>FAF10E8B-C4F6-7B53-73EE-A2D5E88DA5FF</referredTableID>
<keyObject>68E8FCD5-68F4-AD33-F6CB-E34977A0FB85</keyObject>
<referredKeyID>68E8FCD5-68F4-AD33-F6CB-E34977A0FB85</referredKeyID>
<mandatory>true</mandatory>
<refColNames>id_zamestnanec</refColNames>
<transferable>true</transferable>
<rely>false</rely>
<columnDependencyConstraintGenerateInDDL>true</columnDependencyConstraintGenerateInDDL>
</FKIndexAssociation>