<?xml version = '1.0' encoding = 'UTF-8'?>
<FKIndexAssociation class="oracle.dbtools.crest.model.design.relational.FKIndexAssociation" directorySegmentName="seg_0" id="A9DFCEF9-4849-4126-C365-4F283F233449" containerWithKeyObject="DC1F2AAE-C327-B83A-AFB3-DF265FD813D5" localFKIndex="94F4EEBB-A11B-41B8-3611-82C6AB98491E" name="Student_Adresa_FK">
<createdBy>Tam1</createdBy>
<createdTime>2018-04-15 17:38:10 UTC</createdTime>
<generatorID>F911E3C1-AD75-4B28-5455-D0AB17D7CA33</generatorID>
<ownerDesignName>new</ownerDesignName>
<referredTableLongName>Adresa</referredTableLongName>
<deleteRule>NO ACTION</deleteRule>
<referredTableID>78A5547C-5ABE-E095-6FA6-4C9823BBEE62</referredTableID>
<keyObject>F5595A91-8B4F-AD40-97C4-F5480A061F24</keyObject>
<referredKeyID>F5595A91-8B4F-AD40-97C4-F5480A061F24</referredKeyID>
<mandatory>true</mandatory>
<refColNames>adresa_key</refColNames>
<transferable>true</transferable>
<rely>false</rely>
<columnDependencyConstraintGenerateInDDL>true</columnDependencyConstraintGenerateInDDL>
</FKIndexAssociation>