<?xml version = '1.0' encoding = 'UTF-8'?>
<FKIndexAssociation class="oracle.dbtools.crest.model.design.relational.FKIndexAssociation" directorySegmentName="seg_0" id="AA8024C3-219E-ABF9-D28E-B6273D37AC3B" containerWithKeyObject="0CCA4C39-B18B-8642-BFE4-FA513B70E384" localFKIndex="9CC0DDF4-62B5-A78B-0BB7-259DA500D602" name="Ucitel_Zamestnanec_FK">
<createdBy>Tam1</createdBy>
<createdTime>2018-04-15 17:38:10 UTC</createdTime>
<generatorID>112F694E-99B3-D57E-B084-EC91CFEF04B9</generatorID>
<ownerDesignName>new</ownerDesignName>
<referredTableLongName>Zamestnanec</referredTableLongName>
<arc>266B88EB-65DC-C0AB-425F-EB044865BE17</arc>
<deleteRule>NO ACTION</deleteRule>
<referredTableID>FAF10E8B-C4F6-7B53-73EE-A2D5E88DA5FF</referredTableID>
<keyObject>68E8FCD5-68F4-AD33-F6CB-E34977A0FB85</keyObject>
<referredKeyID>68E8FCD5-68F4-AD33-F6CB-E34977A0FB85</referredKeyID>
<mandatory>true</mandatory>
<refColNames>id_zamestnanec</refColNames>
<transferable>true</transferable>
<rely>false</rely>
<columnDependencyConstraintGenerateInDDL>true</columnDependencyConstraintGenerateInDDL>
</FKIndexAssociation>