<?xml version = '1.0' encoding = 'UTF-8'?>
<FKIndexAssociation class="oracle.dbtools.crest.model.design.relational.FKIndexAssociation" directorySegmentName="seg_0" id="AAC6A41C-3C8E-BDDF-C578-D54CB4E71C56" containerWithKeyObject="FA61D119-7627-CC3D-9FE1-1711018A81A0" localFKIndex="DE96804B-86DB-8847-5546-16FD27AC9DCE" name="predmet_v_rocniku_Povinny_FK">
<createdBy>Tam1</createdBy>
<createdTime>2018-04-15 17:38:10 UTC</createdTime>
<generatorID>D4004BFC-8AD5-5975-9BB4-E83086FAD1A8</generatorID>
<ownerDesignName>new</ownerDesignName>
<referredTableLongName>Povinny</referredTableLongName>
<deleteRule>NO ACTION</deleteRule>
<referredTableID>1C05A3E0-B9E0-79E1-698A-F24D4313DC73</referredTableID>
<keyObject>F98CF3F1-BBEF-EB98-D948-49B35BDF7495</keyObject>
<referredKeyID>F98CF3F1-BBEF-EB98-D948-49B35BDF7495</referredKeyID>
<mandatory>true</mandatory>
<refColNames>nazev</refColNames>
<transferable>true</transferable>
<rely>false</rely>
<columnDependencyConstraintGenerateInDDL>true</columnDependencyConstraintGenerateInDDL>
</FKIndexAssociation>