<?xml version = '1.0' encoding = 'UTF-8'?>
<FKIndexAssociation class="oracle.dbtools.crest.model.design.relational.FKIndexAssociation" directorySegmentName="seg_0" id="C13E4585-7ED1-7AE2-97E1-768D71DDE8EA" containerWithKeyObject="EF5E0929-A8AB-6501-3EF2-EE4C0C4AB965" localFKIndex="9AF6FCBE-969E-FBDC-7144-6ED420C89BC3" name="Primus_Prefekt_FK">
<createdBy>Tam1</createdBy>
<createdTime>2018-04-15 17:38:10 UTC</createdTime>
<generatorID>E8AFB1AE-1C5B-0ACE-AB19-D0C30A5D7DC6</generatorID>
<ownerDesignName>new</ownerDesignName>
<referredTableLongName>Prefekt</referredTableLongName>
<deleteRule>NO ACTION</deleteRule>
<referredTableID>A033E4FD-B9B6-95B3-A94D-D1318C39F066</referredTableID>
<keyObject>D9B14EFE-229A-79E6-3240-BDB94F6AEAC4</keyObject>
<referredKeyID>D9B14EFE-229A-79E6-3240-BDB94F6AEAC4</referredKeyID>
<mandatory>true</mandatory>
<refColNames>Student_id_student</refColNames>
<transferable>true</transferable>
<rely>false</rely>
<columnDependencyConstraintGenerateInDDL>true</columnDependencyConstraintGenerateInDDL>
</FKIndexAssociation>