<?xml version = '1.0' encoding = 'UTF-8'?>
<FKIndexAssociation class="oracle.dbtools.crest.model.design.relational.FKIndexAssociation" directorySegmentName="seg_0" id="CCFF017D-65E7-6C23-D610-ED41025D62A3" containerWithKeyObject="0D28D1DF-1968-3CE2-8EEC-1989C75B348D" localFKIndex="52BE5D47-C1CA-E906-1857-333C7AE1796B" name="studuje_Povinne_volitelny_FK">
<createdBy>Tam1</createdBy>
<createdTime>2018-04-15 17:38:10 UTC</createdTime>
<generatorID>FEAA8BC3-0DF9-0D19-2515-82AF8D72F047</generatorID>
<ownerDesignName>new</ownerDesignName>
<referredTableLongName>Povinne_volitelny</referredTableLongName>
<deleteRule>NO ACTION</deleteRule>
<referredTableID>2DCC7B11-9E0D-57D2-A747-1E5B0E675A7B</referredTableID>
<keyObject>9CA65FEE-A352-1EFC-D581-021127C008D9</keyObject>
<referredKeyID>9CA65FEE-A352-1EFC-D581-021127C008D9</referredKeyID>
<mandatory>true</mandatory>
<refColNames>nazev</refColNames>
<transferable>true</transferable>
<rely>false</rely>
<columnDependencyConstraintGenerateInDDL>true</columnDependencyConstraintGenerateInDDL>
</FKIndexAssociation>