<?xml version = '1.0' encoding = 'UTF-8'?>
<FKIndexAssociation class="oracle.dbtools.crest.model.design.relational.FKIndexAssociation" directorySegmentName="seg_0" id="D9282EDF-9874-DD39-1015-9492CE38EEB8" containerWithKeyObject="DC1F2AAE-C327-B83A-AFB3-DF265FD813D5" localFKIndex="FE95DD56-510E-6C10-5035-4803A8C111DE" name="Student_Kolej_FK">
<createdBy>Tam1</createdBy>
<createdTime>2018-04-15 17:38:10 UTC</createdTime>
<generatorID>644CB938-CD4E-8FAF-0B1F-EBF4E3014E56</generatorID>
<ownerDesignName>new</ownerDesignName>
<referredTableLongName>Kolej</referredTableLongName>
<deleteRule>NO ACTION</deleteRule>
<referredTableID>06C31C11-240E-6F52-6F24-0918AC661925</referredTableID>
<keyObject>6F1D4846-6A54-59F5-0593-9A8E6948BA2A</keyObject>
<referredKeyID>6F1D4846-6A54-59F5-0593-9A8E6948BA2A</referredKeyID>
<mandatory>true</mandatory>
<refColNames>nazev_koleje</refColNames>
<transferable>true</transferable>
<rely>false</rely>
<columnDependencyConstraintGenerateInDDL>true</columnDependencyConstraintGenerateInDDL>
</FKIndexAssociation>