<?xml version = '1.0' encoding = 'UTF-8'?>
<FKIndexAssociation class="oracle.dbtools.crest.model.design.relational.FKIndexAssociation" directorySegmentName="seg_0" id="EA3079D1-338B-A1B6-3C09-7CB3162E3EE8" containerWithKeyObject="637A804C-6508-F834-6CA1-007719EC9ED4" localFKIndex="FC28CD65-F260-CC14-C7CF-6E07C9D7F4B0" name="Famfrpalovy_tym_Kolej_FK">
<createdBy>Tam1</createdBy>
<createdTime>2018-04-15 17:38:10 UTC</createdTime>
<generatorID>5D355C06-C16E-2902-133E-DB88AD982A81</generatorID>
<ownerDesignName>new</ownerDesignName>
<referredTableLongName>Kolej</referredTableLongName>
<deleteRule>NO ACTION</deleteRule>
<referredTableID>06C31C11-240E-6F52-6F24-0918AC661925</referredTableID>
<keyObject>6F1D4846-6A54-59F5-0593-9A8E6948BA2A</keyObject>
<referredKeyID>6F1D4846-6A54-59F5-0593-9A8E6948BA2A</referredKeyID>
<mandatory>true</mandatory>
<refColNames>nazev_koleje</refColNames>
<transferable>true</transferable>
<rely>false</rely>
<columnDependencyConstraintGenerateInDDL>true</columnDependencyConstraintGenerateInDDL>
</FKIndexAssociation>