<?xml version = '1.0' encoding = 'UTF-8'?>
<FKIndexAssociation class="oracle.dbtools.crest.model.design.relational.FKIndexAssociation" directorySegmentName="seg_0" id="EDD1E8A6-7475-9515-E950-E9553A3DC363" containerWithKeyObject="A033E4FD-B9B6-95B3-A94D-D1318C39F066" localFKIndex="D9505EB1-74A2-507A-819A-1C4951C365E7" name="Prefekt_Student_FK">
<createdBy>Tam1</createdBy>
<createdTime>2018-04-15 17:38:10 UTC</createdTime>
<generatorID>2CD22430-157A-053A-BF8F-5EA4C7E217E6</generatorID>
<ownerDesignName>new</ownerDesignName>
<referredTableLongName>Student</referredTableLongName>
<deleteRule>NO ACTION</deleteRule>
<referredTableID>DC1F2AAE-C327-B83A-AFB3-DF265FD813D5</referredTableID>
<keyObject>4A76A0C8-78BE-B4AA-BD16-B1671A80EAB6</keyObject>
<referredKeyID>4A76A0C8-78BE-B4AA-BD16-B1671A80EAB6</referredKeyID>
<mandatory>true</mandatory>
<refColNames>id_student</refColNames>
<transferable>true</transferable>
<rely>false</rely>
<columnDependencyConstraintGenerateInDDL>true</columnDependencyConstraintGenerateInDDL>
</FKIndexAssociation>