<?xml version = '1.0' encoding = 'UTF-8'?>
<InheritanceRelation class="oracle.dbtools.crest.model.design.logical.InheritanceRelation" name="Hierarchy_2" directorySegmentName="seg_0" id="006D8B68-1731-8219-A703-B1128C6B5BD8">
<createdBy>Tam1</createdBy>
<createdTime>2018-03-14 13:23:11 UTC</createdTime>
<ownerDesignName>konceptual_schema</ownerDesignName>
<engineerTo>
<item key="F6EB149E-9C50-35F9-456A-6299C4BC57C1" value="true"/>
</engineerTo>
<identifying>false</identifying>
<nameOnSource>Super Type</nameOnSource>
<nameOnTarget>Sub Type</nameOnTarget>
<optionalSource>true</optionalSource>
<optionalTarget>true</optionalTarget>
<sourceEntity>B5C49E26-9A62-E1E0-8D89-4B241BF79E3A</sourceEntity>
<targetEntity>29E8864F-E0DC-2E0E-2B5B-8C5905D8855D</targetEntity>
<transferable>true</transferable>
<deleteRule>NO ACTION</deleteRule>
</InheritanceRelation>