<?xml version = '1.0' encoding = 'UTF-8'?>
<InheritanceRelation class="oracle.dbtools.crest.model.design.logical.InheritanceRelation" name="Hierarchy_1" directorySegmentName="seg_0" id="4E64C19F-0075-1343-47A8-BDE3F85F3254">
<createdBy>Tam1</createdBy>
<createdTime>2018-03-14 13:22:21 UTC</createdTime>
<ownerDesignName>konceptual_schema</ownerDesignName>
<engineerTo>
<item key="F6EB149E-9C50-35F9-456A-6299C4BC57C1" value="true"/>
</engineerTo>
<identifying>false</identifying>
<nameOnSource>Super Type</nameOnSource>
<nameOnTarget>Sub Type</nameOnTarget>
<optionalSource>true</optionalSource>
<optionalTarget>true</optionalTarget>
<sourceEntity>B5C49E26-9A62-E1E0-8D89-4B241BF79E3A</sourceEntity>
<targetEntity>A27B5FE8-A8DF-7C8C-0C47-47A9CC664605</targetEntity>
<transferable>true</transferable>
<deleteRule>NO ACTION</deleteRule>
</InheritanceRelation>