<?xml version = '1.0' encoding = 'UTF-8'?>
<FKArc class="oracle.dbtools.crest.model.design.relational.FKArc" directorySegmentName="seg_0" id="266B88EB-65DC-C0AB-425F-EB044865BE17" name="Arc_1">
<createdBy>Tam1</createdBy>
<createdTime>2018-04-15 17:38:10 UTC</createdTime>
<ownerDesignName>new</ownerDesignName>
<mandatory>false</mandatory>
<reverseArc>true</reverseArc>
<table>FAF10E8B-C4F6-7B53-73EE-A2D5E88DA5FF</table>
<fkeys>
<fkeyID>A502E360-8F10-818D-B336-8744787774AB</fkeyID>
<fkeyID>00BF3976-2045-D9B5-9FA2-B53D7746DD6B</fkeyID>
<fkeyID>AA8024C3-219E-ABF9-D28E-B6273D37AC3B</fkeyID>
</fkeys>
</FKArc>