<?xml version = '1.0' encoding = 'UTF-8'?>
<FKArc class="oracle.dbtools.crest.model.design.relational.FKArc" directorySegmentName="seg_0" id="9230E857-2282-D223-B6CF-D095344A35F1" name="FKArc_1">
<createdBy>Tam1</createdBy>
<createdTime>2018-04-15 17:38:10 UTC</createdTime>
<ownerDesignName>new</ownerDesignName>
<mandatory>false</mandatory>
<reverseArc>true</reverseArc>
<table>A081DC10-3291-DA8B-80AD-F87EB8AB9BB5</table>
<discriminatorColumn>3EFA6ECD-4E1E-C017-A749-0EF31A1EE5E0</discriminatorColumn>
<fkeys>
<fkeyID>6BC4623A-FED0-8B1B-37DF-C4FF7787CAF1</fkeyID>
<fkeyID>02FC49CD-F5EE-7EC1-B1D7-7ECEF5319041</fkeyID>
</fkeys>
</FKArc>