<?xml version = '1.0' encoding = 'UTF-8'?>
<Diagram class="oracle.dbtools.crest.swingui.logical.DPVLogical" name="Logical" id="688C3F30-F231-7D1B-CB57-FDB2E79635E1">
<createdBy>Tam1</createdBy>
<modifiedBy>Tam1</modifiedBy>
<createdTime>2018-03-14 12:41:21 UTC</createdTime>
<autoRoute>false</autoRoute>
<boxInbox>true</boxInbox>
<showLegend>false</showLegend>
<showLabels>true</showLabels>
<showRelAttributes>false</showRelAttributes>
<gridEnabled>false</gridEnabled>
<showGrid>false</showGrid>
<diagramColor>-1</diagramColor>
<display>false</display>
<notation>1</notation>
<objectViews>
<OView class="oracle.dbtools.crest.swingui.logical.TVEntity" oid="0FDE2497-A030-C9CE-7CD5-F0430D451A63" otype="Entity" vid="494E2969-7752-2612-58C0-5179F8FD2126">
<hideElementsInCurrentOnly>false</hideElementsInCurrentOnly>
<bounds x="598" y="37" width="129" height="135"/>
</OView>
<OView class="oracle.dbtools.crest.swingui.logical.TVEntity" oid="29E8864F-E0DC-2E0E-2B5B-8C5905D8855D" otype="Entity" vid="19EC55F5-C297-7530-D5FB-9AEC184A18DA">
<hideElementsInCurrentOnly>false</hideElementsInCurrentOnly>
<bounds x="394" y="373" width="119" height="49"/>
</OView>
<OView class="oracle.dbtools.crest.swingui.logical.TVEntity" oid="35E7C3C0-C178-351F-CBE4-383A0B678787" otype="Entity" vid="01B11753-A200-717A-DEAD-BCFD4E98DD14">
<hideElementsInCurrentOnly>false</hideElementsInCurrentOnly>
<bounds x="89" y="447" width="131" height="120"/>
</OView>
<OView class="oracle.dbtools.crest.swingui.logical.TVEntity" oid="484A2861-D33A-3B93-5C57-71D4F94D9F1F" otype="Entity" vid="77620ED0-8645-6F26-7DE3-53EDCD8DAFEF">
<hideElementsInCurrentOnly>false</hideElementsInCurrentOnly>
<bounds x="1017" y="294" width="118" height="48"/>
</OView>
<OView class="oracle.dbtools.crest.swingui.logical.TVEntity" oid="60DB2AA7-E5E2-B7ED-A550-91A9D27269D0" otype="Entity" vid="57D80C2E-A2A2-D4A1-DC76-093A272E041A">
<hideElementsInCurrentOnly>false</hideElementsInCurrentOnly>
<bounds x="655" y="550" width="83" height="86"/>
</OView>
<OView class="oracle.dbtools.crest.swingui.logical.TVEntity" oid="63CB5728-F114-83D4-045C-2024D03D1877" otype="Entity" vid="73565686-A123-46B8-2DC9-91838AF47EE8">
<hideElementsInCurrentOnly>false</hideElementsInCurrentOnly>
<bounds x="869" y="407" width="97" height="124"/>
</OView>
<OView class="oracle.dbtools.crest.swingui.logical.TVEntity" oid="858419B0-D8BF-FECF-2932-B2B8BF32CC5D" otype="Entity" vid="272E4FCC-9478-8D18-E2B8-4237E9647E50">
<hideElementsInCurrentOnly>false</hideElementsInCurrentOnly>
<bounds x="403" y="100" width="112" height="43"/>
</OView>
<OView class="oracle.dbtools.crest.swingui.TVNote" oid="9E896285-FE23-0001-6241-8988A7119FE0" otype="Note" vid="E95A6D7E-4D12-1898-268F-5F2193D03D87">
<hideElementsInCurrentOnly>false</hideElementsInCurrentOnly>
<bounds x="536" y="410" width="132" height="61"/>
<comment>IO1: Volitelný předmět mohou mít pouze studenti od 3. ročníku včetně.</comment>
</OView>
<OView class="oracle.dbtools.crest.swingui.logical.TVEntity" oid="A27B5FE8-A8DF-7C8C-0C47-47A9CC664605" otype="Entity" vid="7178A69C-CC99-F359-CD81-B42251BDBD1C">
<hideElementsInCurrentOnly>false</hideElementsInCurrentOnly>
<bounds x="397" y="314" width="114" height="52"/>
</OView>
<OView class="oracle.dbtools.crest.swingui.logical.TVEntity" oid="B5C49E26-9A62-E1E0-8D89-4B241BF79E3A" otype="Entity" vid="F87A79FD-81A8-B757-2C11-C91DF4F36263">
<hideElementsInCurrentOnly>false</hideElementsInCurrentOnly>
<bounds x="384" y="262" width="139" height="171"/>
</OView>
<OView class="oracle.dbtools.crest.swingui.TVNote" oid="B9A04237-7A0F-90EE-992A-7F38BB855BFB" otype="Note" vid="E1B9D61E-0BB8-E3F0-5A70-EA2894B8B562">
<hideElementsInCurrentOnly>false</hideElementsInCurrentOnly>
<bounds x="238" y="352" width="121" height="105"/>
<comment>Atribut &apos;zastupce_reditele&apos; je datoveho typu boolean, ucitel bud je, nebo neni zastupce. Zastupcem reditele muze byt pouze jeden ucitel.</comment>
</OView>
<OView class="oracle.dbtools.crest.swingui.logical.TVEntity" oid="BF08637A-E102-EFF2-B349-77D3F6FF59B5" otype="Entity" vid="18181391-C3D2-1852-F0DA-D83B71C2CE2F">
<hideElementsInCurrentOnly>false</hideElementsInCurrentOnly>
<bounds x="402" y="154" width="112" height="57"/>
</OView>
<OView class="oracle.dbtools.crest.swingui.logical.TVEntity" oid="C192437C-6B5F-9B91-4DE2-8527339021D2" otype="Entity" vid="BBF3A5AF-832C-F75A-C6BD-B427BDA4FDFF">
<hideElementsInCurrentOnly>false</hideElementsInCurrentOnly>
<bounds x="1030" y="130" width="86" height="49"/>
</OView>
<OView class="oracle.dbtools.crest.swingui.TVNote" oid="C5012C25-F314-54E5-0F65-DC5654303F67" otype="Note" vid="BB9709C5-B072-E1ED-7CD5-9B52A6ADB120">
<hideElementsInCurrentOnly>false</hideElementsInCurrentOnly>
<bounds x="280" y="505" width="152" height="32"/>
<comment>Každá kolej musí obsahovat minimálně jednoho studenta.</comment>
</OView>
<OView class="oracle.dbtools.crest.swingui.logical.TVEntity" oid="C8108B16-ADD9-E8A0-C51F-34E416128972" otype="Entity" vid="65349F86-E3E6-5AF8-CF40-86E705D4EBB9">
<hideElementsInCurrentOnly>false</hideElementsInCurrentOnly>
<bounds x="84" y="297" width="138" height="81"/>
</OView>
<OView class="oracle.dbtools.crest.swingui.TVNote" oid="DF7097F0-D552-C8A8-AE3A-A0FB28146283" otype="Note" vid="1782393F-C165-A597-3700-A36F7D9B6EE8">
<hideElementsInCurrentOnly>false</hideElementsInCurrentOnly>
<bounds x="942" y="541" width="142" height="47"/>
<comment>IO2: Student může být pouze hráčem v týmu své vlastní koleje.</comment>
</OView>
<OView class="oracle.dbtools.crest.swingui.logical.TVEntity" oid="E03987CC-5F44-CAC3-99EA-D4882127BA4C" otype="Entity" vid="F9ADEB20-0C28-B904-CAEF-9F4D5CFB923E">
<hideElementsInCurrentOnly>false</hideElementsInCurrentOnly>
<bounds x="363" y="566" width="129" height="68"/>
</OView>
<OView class="oracle.dbtools.crest.swingui.logical.TVEntity" oid="E90615ED-FBD0-58AD-2705-1ABDEACAA960" otype="Entity" vid="B190780E-52C8-DA4E-2A14-05EB3B26F67F">
<hideElementsInCurrentOnly>false</hideElementsInCurrentOnly>
<bounds x="86" y="61" width="125" height="128"/>
</OView>
<OView class="oracle.dbtools.crest.swingui.logical.TVEntity" oid="FE19C06D-05E5-F908-F4B6-99AE61655672" otype="Entity" vid="15F737EF-AEE0-37E7-9945-445DE84BEE52">
<hideElementsInCurrentOnly>false</hideElementsInCurrentOnly>
<bounds x="679" y="308" width="81" height="50"/>
</OView>
</objectViews>
<connectors>
<Connector class="oracle.dbtools.crest.swingui.logical.TVInheritanceRelation" oid="006D8B68-1731-8219-A703-B1128C6B5BD8" otype="Hierarchy relation" vid_source="F87A79FD-81A8-B757-2C11-C91DF4F36263" vid_target="19EC55F5-C297-7530-D5FB-9AEC184A18DA">
<hideElementsInCurrentOnly>false</hideElementsInCurrentOnly>
<backgroundColor>-65536</backgroundColor>
<lineWidth>1</lineWidth>
</Connector>
<Connector class="oracle.dbtools.crest.swingui.logical.TVRelation" oid="112F694E-99B3-D57E-B084-EC91CFEF04B9" otype="Relation" vid_source="B190780E-52C8-DA4E-2A14-05EB3B26F67F" vid_target="65349F86-E3E6-5AF8-CF40-86E705D4EBB9">
<hideElementsInCurrentOnly>false</hideElementsInCurrentOnly>
<backgroundColor>-16777216</backgroundColor>
<lineWidth>1</lineWidth>
<sourceLabel class="oracle.dbtools.crest.model.design.Label">
<site>0</site>
<labelBounds x="148" y="210" width="57" height="15"/>
<noBackgroundColor>true</noBackgroundColor>
<noForegroundColor>true</noForegroundColor>
</sourceLabel>
<targetLabel class="oracle.dbtools.crest.model.design.Label">
<site>2</site>
<labelBounds x="148" y="279" width="49" height="12"/>
<noBackgroundColor>true</noBackgroundColor>
<noForegroundColor>true</noForegroundColor>
</targetLabel>
<points>
<point x="148" y="189"/>
<point x="148" y="255"/>
<point x="148" y="297"/>
</points>
</Connector>
<Connector class="oracle.dbtools.crest.swingui.logical.TVRelation" oid="2CD22430-157A-053A-BF8F-5EA4C7E217E6" otype="Relation" vid_source="73565686-A123-46B8-2DC9-91838AF47EE8" vid_target="77620ED0-8645-6F26-7DE3-53EDCD8DAFEF">
<hideElementsInCurrentOnly>false</hideElementsInCurrentOnly>
<backgroundColor>-16777216</backgroundColor>
<lineWidth>1</lineWidth>
<sourceLabel class="oracle.dbtools.crest.model.design.Label">
<site>0</site>
<labelBounds x="976" y="459" width="58" height="30"/>
<noBackgroundColor>true</noBackgroundColor>
<noForegroundColor>true</noForegroundColor>
</sourceLabel>
<targetLabel class="oracle.dbtools.crest.model.design.Label">
<site>2</site>
<labelBounds x="1077" y="378" width="24" height="30"/>
<noBackgroundColor>true</noBackgroundColor>
<noForegroundColor>true</noForegroundColor>
</targetLabel>
<points>
<point x="966" y="489"/>
<point x="1077" y="489"/>
<point x="1077" y="342"/>
</points>
</Connector>
<Connector class="oracle.dbtools.crest.swingui.logical.TVRelation" oid="30E31192-D988-A081-9EDB-3F56AFEA53CC" otype="Relation" vid_source="B190780E-52C8-DA4E-2A14-05EB3B26F67F" vid_target="272E4FCC-9478-8D18-E2B8-4237E9647E50">
<hideElementsInCurrentOnly>false</hideElementsInCurrentOnly>
<backgroundColor>-16777216</backgroundColor>
<lineWidth>1</lineWidth>
<sourceLabel class="oracle.dbtools.crest.model.design.Label">
<site>0</site>
<labelBounds x="221" y="123" width="58" height="30"/>
<noBackgroundColor>true</noBackgroundColor>
<noForegroundColor>true</noForegroundColor>
<sourceBelowTheLine>true</sourceBelowTheLine>
</sourceLabel>
<targetLabel class="oracle.dbtools.crest.model.design.Label">
<site>2</site>
<labelBounds x="373" y="123" width="24" height="30"/>
<noBackgroundColor>true</noBackgroundColor>
<noForegroundColor>true</noForegroundColor>
</targetLabel>
<points>
<point x="211" y="120"/>
<point x="304" y="120"/>
<point x="403" y="120"/>
</points>
</Connector>
<Connector class="oracle.dbtools.crest.swingui.logical.TVRelation" oid="3A6002E7-EAE4-AD55-ACA0-9863423D9D75" otype="Relation" vid_source="494E2969-7752-2612-58C0-5179F8FD2126" vid_target="B190780E-52C8-DA4E-2A14-05EB3B26F67F">
<hideElementsInCurrentOnly>false</hideElementsInCurrentOnly>
<backgroundColor>-16777216</backgroundColor>
<lineWidth>1</lineWidth>
<sourceLabel class="oracle.dbtools.crest.model.design.Label">
<site>0</site>
<labelBounds x="556" y="51" width="36" height="30"/>
<noBackgroundColor>true</noBackgroundColor>
<noForegroundColor>true</noForegroundColor>
</sourceLabel>
<targetLabel class="oracle.dbtools.crest.model.design.Label">
<site>2</site>
<labelBounds x="221" y="54" width="107" height="27"/>
<noBackgroundColor>true</noBackgroundColor>
<noForegroundColor>true</noForegroundColor>
<targetAboveTheLine>true</targetAboveTheLine>
</targetLabel>
<points>
<point x="598" y="81"/>
<point x="401" y="81"/>
<point x="211" y="81"/>
</points>
</Connector>
<Connector class="oracle.dbtools.crest.swingui.logical.TVRelation" oid="413FC8A8-97AD-D8F2-D98F-968456F94BF1" otype="Relation" vid_source="15F737EF-AEE0-37E7-9945-445DE84BEE52" vid_target="73565686-A123-46B8-2DC9-91838AF47EE8">
<hideElementsInCurrentOnly>false</hideElementsInCurrentOnly>
<backgroundColor>-16777216</backgroundColor>
<lineWidth>1</lineWidth>
<sourceLabel class="oracle.dbtools.crest.model.design.Label">
<site>0</site>
<labelBounds x="770" y="298" width="58" height="30"/>
<noBackgroundColor>true</noBackgroundColor>
<noForegroundColor>true</noForegroundColor>
</sourceLabel>
<targetLabel class="oracle.dbtools.crest.model.design.Label">
<site>2</site>
<labelBounds x="893" y="363" width="66" height="30"/>
<noBackgroundColor>true</noBackgroundColor>
<noForegroundColor>true</noForegroundColor>
</targetLabel>
<points>
<point x="760" y="328"/>
<point x="893" y="328"/>
<point x="893" y="407"/>
</points>
</Connector>
<Connector class="oracle.dbtools.crest.swingui.logical.TVRelation" oid="49C7089A-DC0D-1CE6-E92A-1A3CA2CC37E5" otype="Relation" vid_source="65349F86-E3E6-5AF8-CF40-86E705D4EBB9" vid_target="01B11753-A200-717A-DEAD-BCFD4E98DD14">
<hideElementsInCurrentOnly>false</hideElementsInCurrentOnly>
<backgroundColor>-16777216</backgroundColor>
<lineWidth>1</lineWidth>
<sourceLabel class="oracle.dbtools.crest.model.design.Label">
<site>0</site>
<labelBounds x="149" y="403" width="70" height="11"/>
<noBackgroundColor>true</noBackgroundColor>
<noForegroundColor>true</noForegroundColor>
</sourceLabel>
<targetLabel class="oracle.dbtools.crest.model.design.Label">
<site>2</site>
<labelBounds x="149" y="422" width="83" height="19"/>
<noBackgroundColor>true</noBackgroundColor>
<noForegroundColor>true</noForegroundColor>
</targetLabel>
<points>
<point x="149" y="378"/>
<point x="149" y="447"/>
</points>
</Connector>
<Connector class="oracle.dbtools.crest.swingui.logical.TVInheritanceRelation" oid="4E64C19F-0075-1343-47A8-BDE3F85F3254" otype="Hierarchy relation" vid_source="F87A79FD-81A8-B757-2C11-C91DF4F36263" vid_target="7178A69C-CC99-F359-CD81-B42251BDBD1C">
<hideElementsInCurrentOnly>false</hideElementsInCurrentOnly>
<backgroundColor>-65536</backgroundColor>
<lineWidth>1</lineWidth>
</Connector>
<Connector class="oracle.dbtools.crest.swingui.logical.TVRelation" oid="51D618A4-9D94-29F8-51B9-4087B72A54F4" otype="Relation" vid_source="B190780E-52C8-DA4E-2A14-05EB3B26F67F" vid_target="18181391-C3D2-1852-F0DA-D83B71C2CE2F">
<hideElementsInCurrentOnly>false</hideElementsInCurrentOnly>
<backgroundColor>-16777216</backgroundColor>
<lineWidth>1</lineWidth>
<sourceLabel class="oracle.dbtools.crest.model.design.Label">
<site>0</site>
<labelBounds x="221" y="172" width="58" height="30"/>
<noBackgroundColor>true</noBackgroundColor>
<noForegroundColor>true</noForegroundColor>
<sourceBelowTheLine>true</sourceBelowTheLine>
</sourceLabel>
<targetLabel class="oracle.dbtools.crest.model.design.Label">
<site>2</site>
<labelBounds x="372" y="172" width="24" height="30"/>
<noBackgroundColor>true</noBackgroundColor>
<noForegroundColor>true</noForegroundColor>
</targetLabel>
<points>
<point x="211" y="169"/>
<point x="304" y="169"/>
<point x="402" y="169"/>
</points>
</Connector>
<Connector class="oracle.dbtools.crest.swingui.logical.TVRelation" oid="5D355C06-C16E-2902-133E-DB88AD982A81" otype="Relation" vid_source="01B11753-A200-717A-DEAD-BCFD4E98DD14" vid_target="F9ADEB20-0C28-B904-CAEF-9F4D5CFB923E">
<hideElementsInCurrentOnly>false</hideElementsInCurrentOnly>
<backgroundColor>-16777216</backgroundColor>
<lineWidth>1</lineWidth>
<sourceLabel class="oracle.dbtools.crest.model.design.Label">
<site>0</site>
<labelBounds x="154" y="611" width="30" height="30"/>
<noBackgroundColor>true</noBackgroundColor>
<noForegroundColor>true</noForegroundColor>
</sourceLabel>
<targetLabel class="oracle.dbtools.crest.model.design.Label">
<site>2</site>
<labelBounds x="321" y="608" width="36" height="30"/>
<noBackgroundColor>true</noBackgroundColor>
<noForegroundColor>true</noForegroundColor>
</targetLabel>
<points>
<point x="154" y="567"/>
<point x="154" y="605"/>
<point x="363" y="605"/>
</points>
</Connector>
<Connector class="oracle.dbtools.crest.swingui.logical.TVRelation" oid="644CB938-CD4E-8FAF-0B1F-EBF4E3014E56" otype="Relation" vid_source="01B11753-A200-717A-DEAD-BCFD4E98DD14" vid_target="73565686-A123-46B8-2DC9-91838AF47EE8">
<hideElementsInCurrentOnly>false</hideElementsInCurrentOnly>
<backgroundColor>-16777216</backgroundColor>
<lineWidth>1</lineWidth>
<sourceLabel class="oracle.dbtools.crest.model.design.Label">
<site>0</site>
<labelBounds x="230" y="477" width="58" height="20"/>
<noBackgroundColor>true</noBackgroundColor>
<noForegroundColor>true</noForegroundColor>
<sourceBelowTheLine>true</sourceBelowTheLine>
</sourceLabel>
<targetLabel class="oracle.dbtools.crest.model.design.Label">
<site>2</site>
<labelBounds x="827" y="477" width="36" height="30"/>
<noBackgroundColor>true</noBackgroundColor>
<noForegroundColor>true</noForegroundColor>
</targetLabel>
<points>
<point x="220" y="474"/>
<point x="869" y="474"/>
</points>
</Connector>
<Connector class="oracle.dbtools.crest.swingui.logical.TVRelation" oid="CAEECD56-ABDA-2BC1-5F53-5F3274E6B93C" otype="Relation" vid_source="73565686-A123-46B8-2DC9-91838AF47EE8" vid_target="57D80C2E-A2A2-D4A1-DC76-093A272E041A">
<hideElementsInCurrentOnly>false</hideElementsInCurrentOnly>
<backgroundColor>-16777216</backgroundColor>
<lineWidth>1</lineWidth>
<sourceLabel class="oracle.dbtools.crest.model.design.Label">
<site>0</site>
<labelBounds x="915" y="581" width="68" height="20"/>
<noBackgroundColor>true</noBackgroundColor>
<noForegroundColor>true</noForegroundColor>
</sourceLabel>
<targetLabel class="oracle.dbtools.crest.model.design.Label">
<site>2</site>
<labelBounds x="748" y="614" width="24" height="30"/>
<noBackgroundColor>true</noBackgroundColor>
<noForegroundColor>true</noForegroundColor>
</targetLabel>
<points>
<point x="915" y="531"/>
<point x="915" y="611"/>
<point x="738" y="611"/>
</points>
</Connector>
<Connector class="oracle.dbtools.crest.swingui.logical.TVRelation" oid="CC9FFE69-6F80-DB1C-462A-DA78DF3106DD" otype="Relation" vid_source="F9ADEB20-0C28-B904-CAEF-9F4D5CFB923E" vid_target="57D80C2E-A2A2-D4A1-DC76-093A272E041A">
<hideElementsInCurrentOnly>false</hideElementsInCurrentOnly>
<backgroundColor>-16777216</backgroundColor>
<lineWidth>1</lineWidth>
<sourceLabel class="oracle.dbtools.crest.model.design.Label">
<site>0</site>
<labelBounds x="502" y="614" width="58" height="30"/>
<noBackgroundColor>true</noBackgroundColor>
<noForegroundColor>true</noForegroundColor>
<sourceBelowTheLine>true</sourceBelowTheLine>
</sourceLabel>
<targetLabel class="oracle.dbtools.crest.model.design.Label">
<site>2</site>
<labelBounds x="613" y="614" width="36" height="30"/>
<noBackgroundColor>true</noBackgroundColor>
<noForegroundColor>true</noForegroundColor>
</targetLabel>
<points>
<point x="492" y="611"/>
<point x="572" y="611"/>
<point x="655" y="611"/>
</points>
</Connector>
<Connector class="oracle.dbtools.crest.swingui.logical.TVRelation" oid="D17A6BEA-2B77-CDFF-9BFC-835039FFBCFB" otype="Relation" vid_source="65349F86-E3E6-5AF8-CF40-86E705D4EBB9" vid_target="F87A79FD-81A8-B757-2C11-C91DF4F36263">
<hideElementsInCurrentOnly>false</hideElementsInCurrentOnly>
<backgroundColor>-16777216</backgroundColor>
<lineWidth>1</lineWidth>
<sourceLabel class="oracle.dbtools.crest.model.design.Label">
<site>0</site>
<labelBounds x="232" y="307" width="30" height="30"/>
<noBackgroundColor>true</noBackgroundColor>
<noForegroundColor>true</noForegroundColor>
</sourceLabel>
<targetLabel class="oracle.dbtools.crest.model.design.Label">
<site>2</site>
<labelBounds x="306" y="307" width="72" height="30"/>
<noBackgroundColor>true</noBackgroundColor>
<noForegroundColor>true</noForegroundColor>
<targetAboveTheLine>true</targetAboveTheLine>
</targetLabel>
<points>
<point x="222" y="337"/>
<point x="384" y="337"/>
</points>
</Connector>
<Connector class="oracle.dbtools.crest.swingui.logical.TVRelation" oid="D4004BFC-8AD5-5975-9BB4-E83086FAD1A8" otype="Relation" vid_source="15F737EF-AEE0-37E7-9945-445DE84BEE52" vid_target="7178A69C-CC99-F359-CD81-B42251BDBD1C">
<hideElementsInCurrentOnly>false</hideElementsInCurrentOnly>
<backgroundColor>-16777216</backgroundColor>
<lineWidth>1</lineWidth>
<sourceLabel class="oracle.dbtools.crest.model.design.Label">
<site>0</site>
<labelBounds x="615" y="332" width="58" height="18"/>
<noBackgroundColor>true</noBackgroundColor>
<noForegroundColor>true</noForegroundColor>
<sourceBelowTheLine>true</sourceBelowTheLine>
</sourceLabel>
<targetLabel class="oracle.dbtools.crest.model.design.Label">
<site>2</site>
<labelBounds x="521" y="332" width="65" height="30"/>
<noBackgroundColor>true</noBackgroundColor>
<noForegroundColor>true</noForegroundColor>
</targetLabel>
<points>
<point x="679" y="329"/>
<point x="511" y="329"/>
</points>
</Connector>
<Connector class="oracle.dbtools.crest.swingui.logical.TVRelation" oid="E8AFB1AE-1C5B-0ACE-AB19-D0C30A5D7DC6" otype="Relation" vid_source="77620ED0-8645-6F26-7DE3-53EDCD8DAFEF" vid_target="BBF3A5AF-832C-F75A-C6BD-B427BDA4FDFF">
<hideElementsInCurrentOnly>false</hideElementsInCurrentOnly>
<backgroundColor>-16777216</backgroundColor>
<lineWidth>1</lineWidth>
<sourceLabel class="oracle.dbtools.crest.model.design.Label">
<site>0</site>
<labelBounds x="1075" y="250" width="58" height="30"/>
<noBackgroundColor>true</noBackgroundColor>
<noForegroundColor>true</noForegroundColor>
</sourceLabel>
<targetLabel class="oracle.dbtools.crest.model.design.Label">
<site>2</site>
<labelBounds x="1075" y="215" width="21" height="26"/>
<noBackgroundColor>true</noBackgroundColor>
<noForegroundColor>true</noForegroundColor>
</targetLabel>
<points>
<point x="1075" y="294"/>
<point x="1075" y="234"/>
<point x="1075" y="179"/>
</points>
</Connector>
<Connector class="oracle.dbtools.crest.swingui.logical.TVRelation" oid="F911E3C1-AD75-4B28-5455-D0AB17D7CA33" otype="Relation" vid_source="494E2969-7752-2612-58C0-5179F8FD2126" vid_target="73565686-A123-46B8-2DC9-91838AF47EE8">
<hideElementsInCurrentOnly>false</hideElementsInCurrentOnly>
<backgroundColor>-16777216</backgroundColor>
<lineWidth>1</lineWidth>
<sourceLabel class="oracle.dbtools.crest.model.design.Label">
<site>0</site>
<labelBounds x="737" y="53" width="36" height="30"/>
<noBackgroundColor>true</noBackgroundColor>
<noForegroundColor>true</noForegroundColor>
</sourceLabel>
<targetLabel class="oracle.dbtools.crest.model.design.Label">
<site>2</site>
<labelBounds x="937" y="334" width="75" height="35"/>
<noBackgroundColor>true</noBackgroundColor>
<noForegroundColor>true</noForegroundColor>
</targetLabel>
<points>
<point x="727" y="83"/>
<point x="937" y="83"/>
<point x="937" y="407"/>
</points>
</Connector>
<Connector class="oracle.dbtools.crest.swingui.logical.TVRelation" oid="FEAA8BC3-0DF9-0D19-2515-82AF8D72F047" otype="Relation" vid_source="19EC55F5-C297-7530-D5FB-9AEC184A18DA" vid_target="73565686-A123-46B8-2DC9-91838AF47EE8">
<hideElementsInCurrentOnly>false</hideElementsInCurrentOnly>
<backgroundColor>-16777216</backgroundColor>
<lineWidth>1</lineWidth>
<sourceLabel class="oracle.dbtools.crest.model.design.Label">
<site>0</site>
<labelBounds x="523" y="371" width="69" height="30"/>
<noBackgroundColor>true</noBackgroundColor>
<noForegroundColor>true</noForegroundColor>
</sourceLabel>
<targetLabel class="oracle.dbtools.crest.model.design.Label">
<site>2</site>
<labelBounds x="814" y="446" width="49" height="30"/>
<noBackgroundColor>true</noBackgroundColor>
<noForegroundColor>true</noForegroundColor>
</targetLabel>
<points>
<point x="513" y="401"/>
<point x="691" y="401"/>
<point x="691" y="443"/>
<point x="869" y="443"/>
</points>
</Connector>
</connectors>
<arcs>
<Arc class="oracle.dbtools.crest.swingui.logical.TVArc" oid="17CEDBFA-B0B9-32CC-9E0B-9EC0605FC4E0" otype="Arc" vid="34E78BE5-5AE2-267E-D40D-00B1EF56AB31">
<hideElementsInCurrentOnly>false</hideElementsInCurrentOnly>
<bounds x="66" y="41" width="165" height="168"/>
</Arc>
</arcs>
</Diagram>