<?xml version = '1.0' encoding = 'UTF-8'?>
<Diagram class="oracle.dbtools.crest.swingui.logical.DPVLogicalSubView" name="Logical - SubView_1" id="D6D48131-C7EF-C2D4-795B-0CA68DB19F0F">
<createdBy>Tam1</createdBy>
<modifiedBy>Tam1</modifiedBy>
<createdTime>2018-03-14 13:15:49 UTC</createdTime>
<autoRoute>false</autoRoute>
<boxInbox>true</boxInbox>
<showLegend>false</showLegend>
<showLabels>false</showLabels>
<showRelAttributes>false</showRelAttributes>
<gridEnabled>false</gridEnabled>
<showGrid>false</showGrid>
<diagramColor>-1</diagramColor>
<display>false</display>
<notation>1</notation>
<objectViews>
<OView class="oracle.dbtools.crest.swingui.logical.TVEntity" oid="A27B5FE8-A8DF-7C8C-0C47-47A9CC664605" otype="Entity" vid="F173B25C-5025-30E6-22F4-CF42BCC83250">
<hideElementsInCurrentOnly>false</hideElementsInCurrentOnly>
<bounds x="383" y="360" width="99" height="52"/>
</OView>
<OView class="oracle.dbtools.crest.swingui.logical.TVEntity" oid="B5C49E26-9A62-E1E0-8D89-4B241BF79E3A" otype="Entity" vid="EA972845-C375-6F09-058B-D183189159AF">
<hideElementsInCurrentOnly>false</hideElementsInCurrentOnly>
<bounds x="353" y="344" width="139" height="137"/>
</OView>
</objectViews>
<connectors>
<Connector class="oracle.dbtools.crest.swingui.logical.TVInheritanceRelation" oid="4E64C19F-0075-1343-47A8-BDE3F85F3254" otype="Hierarchy relation" vid_source="EA972845-C375-6F09-058B-D183189159AF" vid_target="F173B25C-5025-30E6-22F4-CF42BCC83250">
<hideElementsInCurrentOnly>false</hideElementsInCurrentOnly>
<backgroundColor>-65536</backgroundColor>
<lineWidth>1</lineWidth>
</Connector>
</connectors>
</Diagram>