<?xml version = '1.0' encoding = 'UTF-8'?>
<FKIndexAssociation class="oracle.dbtools.crest.model.design.relational.FKIndexAssociation" directorySegmentName="seg_0" id="1382F9E2-B467-3007-0760-7D0C73606C07" containerWithKeyObject="5BA257A9-CF12-5671-96CC-DBAD6D9F8EA7" localFKIndex="1CCD5292-2308-EFCC-0FBB-7E62B0C9AD2C" name="Hrac_FamfrpalT_FK">
<createdBy>Tam1</createdBy>
<createdTime>2018-04-19 16:42:03 UTC</createdTime>
<generatorID>CC9FFE69-6F80-DB1C-462A-DA78DF3106DD</generatorID>
<ownerDesignName>new</ownerDesignName>
<referredTableLongName>FamfrpalT</referredTableLongName>
<deleteRule>NO ACTION</deleteRule>
<referredTableID>1E0CB422-DBA6-B8A4-91A4-C90B05E92E8E</referredTableID>
<keyObject>FBC02B49-B67D-FFA2-91EE-8C1DE0DA4154</keyObject>
<referredKeyID>FBC02B49-B67D-FFA2-91EE-8C1DE0DA4154</referredKeyID>
<mandatory>true</mandatory>
<refColNames>Kolej_nazev_koleje</refColNames>
<transferable>true</transferable>
<rely>false</rely>
<columnDependencyConstraintGenerateInDDL>true</columnDependencyConstraintGenerateInDDL>
</FKIndexAssociation>