<?xml version = '1.0' encoding = 'UTF-8'?>
<FKIndexAssociation class="oracle.dbtools.crest.model.design.relational.FKIndexAssociation" directorySegmentName="seg_0" id="1E145BA1-4320-B6D2-D925-4C58515AA293" containerWithKeyObject="343246B4-D90E-8F3E-AB0F-C3125EA66246" localFKIndex="A0DED5F2-BD64-B192-898D-6A404ADCDE61" name="studuje_Povinne_volitelny_FK">
<createdBy>Tam1</createdBy>
<createdTime>2018-04-19 16:42:03 UTC</createdTime>
<generatorID>FEAA8BC3-0DF9-0D19-2515-82AF8D72F047</generatorID>
<ownerDesignName>new</ownerDesignName>
<referredTableLongName>Povinne_volitelny</referredTableLongName>
<deleteRule>NO ACTION</deleteRule>
<referredTableID>2F6B5910-58EB-1D33-B4AD-853022676A13</referredTableID>
<keyObject>16D21D4A-0D92-14D5-032C-2F5A32482D1C</keyObject>
<referredKeyID>16D21D4A-0D92-14D5-032C-2F5A32482D1C</referredKeyID>
<mandatory>true</mandatory>
<refColNames>nazev</refColNames>
<transferable>true</transferable>
<rely>false</rely>
<columnDependencyConstraintGenerateInDDL>true</columnDependencyConstraintGenerateInDDL>
</FKIndexAssociation>