<?xml version = '1.0' encoding = 'UTF-8'?>
<FKIndexAssociation class="oracle.dbtools.crest.model.design.relational.FKIndexAssociation" directorySegmentName="seg_0" id="1E1B27C1-6369-BD4D-0019-7CF6EFB6E048" containerWithKeyObject="5676BEF5-58F9-8981-86B5-3A5FEC342A97" localFKIndex="EE661577-F3DB-1E5F-5442-3E142AC618BF" name="Reditel_Zamestnanec_FK">
<createdBy>Tam1</createdBy>
<createdTime>2018-04-19 16:42:03 UTC</createdTime>
<generatorID>30E31192-D988-A081-9EDB-3F56AFEA53CC</generatorID>
<ownerDesignName>new</ownerDesignName>
<referredTableLongName>Zamestnanec</referredTableLongName>
<arc>B4231526-C2EE-0D70-F2E3-DFDA9CFB564F</arc>
<deleteRule>NO ACTION</deleteRule>
<referredTableID>FD26F8DA-0EAA-F4AB-128E-B3382700128C</referredTableID>
<keyObject>D7340BCB-FD11-3F46-BBE1-7DA887D6161E</keyObject>
<referredKeyID>D7340BCB-FD11-3F46-BBE1-7DA887D6161E</referredKeyID>
<mandatory>true</mandatory>
<refColNames>id_zam</refColNames>
<transferable>true</transferable>
<rely>false</rely>
<discriminatorValue>2</discriminatorValue>
<columnDependencyConstraintGenerateInDDL>true</columnDependencyConstraintGenerateInDDL>
</FKIndexAssociation>