<?xml version = '1.0' encoding = 'UTF-8'?>
<FKIndexAssociation class="oracle.dbtools.crest.model.design.relational.FKIndexAssociation" directorySegmentName="seg_0" id="218CCE94-6B12-47F4-9B5D-81906932E022" containerWithKeyObject="12A46093-D108-3360-652F-6CE04FB42955" localFKIndex="751BB975-055A-C1E0-2257-93C9102A41FC" name="Student_Kolej_FK">
<createdBy>Tam1</createdBy>
<createdTime>2018-04-19 16:42:03 UTC</createdTime>
<generatorID>644CB938-CD4E-8FAF-0B1F-EBF4E3014E56</generatorID>
<ownerDesignName>new</ownerDesignName>
<referredTableLongName>Kolej</referredTableLongName>
<deleteRule>NO ACTION</deleteRule>
<referredTableID>718F2DE6-03EC-EC64-FF4E-1CE6A1B7F1B2</referredTableID>
<keyObject>6D652F65-4F27-BA77-E513-03A1086BD1F2</keyObject>
<referredKeyID>6D652F65-4F27-BA77-E513-03A1086BD1F2</referredKeyID>
<mandatory>true</mandatory>
<refColNames>nazev_koleje</refColNames>
<transferable>true</transferable>
<rely>false</rely>
<columnDependencyConstraintGenerateInDDL>true</columnDependencyConstraintGenerateInDDL>
</FKIndexAssociation>