<?xml version = '1.0' encoding = 'UTF-8'?>
<FKIndexAssociation class="oracle.dbtools.crest.model.design.relational.FKIndexAssociation" directorySegmentName="seg_0" id="3052207C-2886-393F-F8DB-E05D209D729E" containerWithKeyObject="343246B4-D90E-8F3E-AB0F-C3125EA66246" localFKIndex="D506F06F-970B-3338-993E-530739C79A02" name="studuje_Student_FK">
<createdBy>Tam1</createdBy>
<createdTime>2018-04-19 16:42:03 UTC</createdTime>
<generatorID>FEAA8BC3-0DF9-0D19-2515-82AF8D72F047</generatorID>
<ownerDesignName>new</ownerDesignName>
<referredTableLongName>Student</referredTableLongName>
<deleteRule>NO ACTION</deleteRule>
<referredTableID>12A46093-D108-3360-652F-6CE04FB42955</referredTableID>
<keyObject>3C56387A-896F-A7AC-FC38-182F034132FA</keyObject>
<referredKeyID>3C56387A-896F-A7AC-FC38-182F034132FA</referredKeyID>
<mandatory>true</mandatory>
<refColNames>id_student</refColNames>
<transferable>true</transferable>
<rely>false</rely>
<columnDependencyConstraintGenerateInDDL>true</columnDependencyConstraintGenerateInDDL>
</FKIndexAssociation>