<?xml version = '1.0' encoding = 'UTF-8'?>
<FKIndexAssociation class="oracle.dbtools.crest.model.design.relational.FKIndexAssociation" directorySegmentName="seg_0" id="41CF97D3-D220-069D-AF33-1998AC197FCF" containerWithKeyObject="718F2DE6-03EC-EC64-FF4E-1CE6A1B7F1B2" localFKIndex="2B71DD43-9D08-FC6D-A744-F2B305C2A0FA" name="Kolej_Ucitel_FK">
<createdBy>Tam1</createdBy>
<createdTime>2018-04-19 16:42:03 UTC</createdTime>
<generatorID>49C7089A-DC0D-1CE6-E92A-1A3CA2CC37E5</generatorID>
<ownerDesignName>new</ownerDesignName>
<referredTableLongName>Ucitel</referredTableLongName>
<deleteRule>NO ACTION</deleteRule>
<referredTableID>6CD615F6-6E5B-563C-2FFD-B1F26264E494</referredTableID>
<keyObject>B7DF2DFB-45EA-A45D-9C28-BDF2603C80B8</keyObject>
<referredKeyID>B7DF2DFB-45EA-A45D-9C28-BDF2603C80B8</referredKeyID>
<mandatory>true</mandatory>
<refColNames>Zamestnanec_id_zam</refColNames>
<transferable>true</transferable>
<rely>false</rely>
<columnDependencyConstraintGenerateInDDL>true</columnDependencyConstraintGenerateInDDL>
</FKIndexAssociation>