<?xml version = '1.0' encoding = 'UTF-8'?>
<FKIndexAssociation class="oracle.dbtools.crest.model.design.relational.FKIndexAssociation" directorySegmentName="seg_0" id="4AE37F51-B5AB-CE2B-5348-555C9562054A" containerWithKeyObject="6CD615F6-6E5B-563C-2FFD-B1F26264E494" localFKIndex="73A1C119-D4C7-A58E-CF93-3C7951031B41" name="Ucitel_Predmet_FK">
<createdBy>Tam1</createdBy>
<createdTime>2018-04-19 16:42:03 UTC</createdTime>
<generatorID>D17A6BEA-2B77-CDFF-9BFC-835039FFBCFB</generatorID>
<ownerDesignName>new</ownerDesignName>
<referredTableLongName>Predmet</referredTableLongName>
<deleteRule>NO ACTION</deleteRule>
<referredTableID>D18FBCCC-6CEF-6B32-0FBB-111E84F30FB8</referredTableID>
<keyObject>1E694E61-9D8D-FD20-FD09-FA5376884732</keyObject>
<referredKeyID>1E694E61-9D8D-FD20-FD09-FA5376884732</referredKeyID>
<mandatory>true</mandatory>
<refColNames>nazev</refColNames>
<transferable>true</transferable>
<rely>false</rely>
<columnDependencyConstraintGenerateInDDL>true</columnDependencyConstraintGenerateInDDL>
</FKIndexAssociation>