<?xml version = '1.0' encoding = 'UTF-8'?>
<FKIndexAssociation class="oracle.dbtools.crest.model.design.relational.FKIndexAssociation" directorySegmentName="seg_0" id="4C4F3077-6FDE-6191-8EF9-E2C878626C0F" containerWithKeyObject="2F6B5910-58EB-1D33-B4AD-853022676A13" localFKIndex="67E60CA1-655A-976F-B9AE-747196BB9E88" name="Povinne_volitelny_Predmet_FK">
<createdBy>Tam1</createdBy>
<createdTime>2018-04-19 16:42:03 UTC</createdTime>
<generatorID>006D8B68-1731-8219-A703-B1128C6B5BD8</generatorID>
<ownerDesignName>new</ownerDesignName>
<referredTableLongName>Predmet</referredTableLongName>
<arc>F12D8ECF-0199-13AD-FA95-DC2B59EE3E1B</arc>
<deleteRule>NO ACTION</deleteRule>
<referredTableID>D18FBCCC-6CEF-6B32-0FBB-111E84F30FB8</referredTableID>
<keyObject>1E694E61-9D8D-FD20-FD09-FA5376884732</keyObject>
<referredKeyID>1E694E61-9D8D-FD20-FD09-FA5376884732</referredKeyID>
<mandatory>true</mandatory>
<refColNames>nazev</refColNames>
<transferable>true</transferable>
<rely>false</rely>
<discriminatorValue>Povinne_volitelny</discriminatorValue>
<columnDependencyConstraintGenerateInDDL>true</columnDependencyConstraintGenerateInDDL>
</FKIndexAssociation>