<?xml version = '1.0' encoding = 'UTF-8'?>
<FKIndexAssociation class="oracle.dbtools.crest.model.design.relational.FKIndexAssociation" directorySegmentName="seg_0" id="54DC90F1-39E2-E7C9-EC8A-AC3D37EEE796" containerWithKeyObject="6CD615F6-6E5B-563C-2FFD-B1F26264E494" localFKIndex="A83D5F81-3963-A6F9-4079-0ED431B62612" name="Ucitel_Zamestnanec_FK">
<createdBy>Tam1</createdBy>
<createdTime>2018-04-19 16:42:03 UTC</createdTime>
<generatorID>112F694E-99B3-D57E-B084-EC91CFEF04B9</generatorID>
<ownerDesignName>new</ownerDesignName>
<referredTableLongName>Zamestnanec</referredTableLongName>
<arc>B4231526-C2EE-0D70-F2E3-DFDA9CFB564F</arc>
<deleteRule>NO ACTION</deleteRule>
<referredTableID>FD26F8DA-0EAA-F4AB-128E-B3382700128C</referredTableID>
<keyObject>D7340BCB-FD11-3F46-BBE1-7DA887D6161E</keyObject>
<referredKeyID>D7340BCB-FD11-3F46-BBE1-7DA887D6161E</referredKeyID>
<mandatory>true</mandatory>
<refColNames>id_zam</refColNames>
<transferable>true</transferable>
<rely>false</rely>
<discriminatorValue>3</discriminatorValue>
<columnDependencyConstraintGenerateInDDL>true</columnDependencyConstraintGenerateInDDL>
</FKIndexAssociation>