<?xml version = '1.0' encoding = 'UTF-8'?>
<FKIndexAssociation class="oracle.dbtools.crest.model.design.relational.FKIndexAssociation" directorySegmentName="seg_0" id="5647AE31-F97C-277D-7166-6D6860CDF8A5" containerWithKeyObject="77697BB9-649E-9194-2E6E-50333709F0E7" localFKIndex="3B5078FE-924E-09F2-0A71-2815D006B5D1" name="predmet_v_rocniku_Povinny_FK">
<createdBy>Tam1</createdBy>
<createdTime>2018-04-19 16:42:03 UTC</createdTime>
<generatorID>D4004BFC-8AD5-5975-9BB4-E83086FAD1A8</generatorID>
<ownerDesignName>new</ownerDesignName>
<referredTableLongName>Povinny</referredTableLongName>
<deleteRule>NO ACTION</deleteRule>
<referredTableID>E7D0451A-C08E-4280-F8B7-8E571E7BBAFE</referredTableID>
<keyObject>A93BF337-1EEB-50CD-ECA1-20F2DE0AA2D1</keyObject>
<referredKeyID>A93BF337-1EEB-50CD-ECA1-20F2DE0AA2D1</referredKeyID>
<mandatory>true</mandatory>
<refColNames>nazev</refColNames>
<transferable>true</transferable>
<rely>false</rely>
<columnDependencyConstraintGenerateInDDL>true</columnDependencyConstraintGenerateInDDL>
</FKIndexAssociation>