<?xml version = '1.0' encoding = 'UTF-8'?>
<FKIndexAssociation class="oracle.dbtools.crest.model.design.relational.FKIndexAssociation" directorySegmentName="seg_0" id="648C5B40-79D3-689F-66D6-09C66C47D5A6" containerWithKeyObject="27F4DFB8-1276-588C-D258-CB07170FAFB6" localFKIndex="7CA38D38-9836-285D-0A84-9F397BF5C64E" name="Ostatni_Zamestnanec_FK">
<createdBy>Tam1</createdBy>
<createdTime>2018-04-19 16:42:03 UTC</createdTime>
<generatorID>51D618A4-9D94-29F8-51B9-4087B72A54F4</generatorID>
<ownerDesignName>new</ownerDesignName>
<referredTableLongName>Zamestnanec</referredTableLongName>
<arc>B4231526-C2EE-0D70-F2E3-DFDA9CFB564F</arc>
<deleteRule>NO ACTION</deleteRule>
<referredTableID>FD26F8DA-0EAA-F4AB-128E-B3382700128C</referredTableID>
<keyObject>D7340BCB-FD11-3F46-BBE1-7DA887D6161E</keyObject>
<referredKeyID>D7340BCB-FD11-3F46-BBE1-7DA887D6161E</referredKeyID>
<mandatory>true</mandatory>
<refColNames>id_zam</refColNames>
<transferable>true</transferable>
<rely>false</rely>
<discriminatorValue>1</discriminatorValue>
<columnDependencyConstraintGenerateInDDL>true</columnDependencyConstraintGenerateInDDL>
</FKIndexAssociation>