<?xml version = '1.0' encoding = 'UTF-8'?>
<FKIndexAssociation class="oracle.dbtools.crest.model.design.relational.FKIndexAssociation" directorySegmentName="seg_0" id="6AB4DE5B-09EF-BDF5-E645-51DFA9B82F20" containerWithKeyObject="E7D0451A-C08E-4280-F8B7-8E571E7BBAFE" localFKIndex="8F5E5E75-21FE-FF69-3AFB-7D68241B8B46" name="Povinny_Predmet_FK">
<createdBy>Tam1</createdBy>
<createdTime>2018-04-19 16:42:03 UTC</createdTime>
<generatorID>4E64C19F-0075-1343-47A8-BDE3F85F3254</generatorID>
<ownerDesignName>new</ownerDesignName>
<referredTableLongName>Predmet</referredTableLongName>
<arc>F12D8ECF-0199-13AD-FA95-DC2B59EE3E1B</arc>
<deleteRule>NO ACTION</deleteRule>
<referredTableID>D18FBCCC-6CEF-6B32-0FBB-111E84F30FB8</referredTableID>
<keyObject>1E694E61-9D8D-FD20-FD09-FA5376884732</keyObject>
<referredKeyID>1E694E61-9D8D-FD20-FD09-FA5376884732</referredKeyID>
<mandatory>true</mandatory>
<refColNames>nazev</refColNames>
<transferable>true</transferable>
<rely>false</rely>
<discriminatorValue>Povinny</discriminatorValue>
<columnDependencyConstraintGenerateInDDL>true</columnDependencyConstraintGenerateInDDL>
</FKIndexAssociation>