<?xml version = '1.0' encoding = 'UTF-8'?>
<FKIndexAssociation class="oracle.dbtools.crest.model.design.relational.FKIndexAssociation" directorySegmentName="seg_0" id="6CB4A72B-50D8-9BE0-BB58-AE7D4FC4610E" containerWithKeyObject="1E0CB422-DBA6-B8A4-91A4-C90B05E92E8E" localFKIndex="CC2FD46B-967E-045C-498F-E326AB21096A" name="FamfrpalT_Kolej_FK">
<createdBy>Tam1</createdBy>
<createdTime>2018-04-19 16:42:03 UTC</createdTime>
<generatorID>5D355C06-C16E-2902-133E-DB88AD982A81</generatorID>
<ownerDesignName>new</ownerDesignName>
<referredTableLongName>Kolej</referredTableLongName>
<deleteRule>NO ACTION</deleteRule>
<referredTableID>718F2DE6-03EC-EC64-FF4E-1CE6A1B7F1B2</referredTableID>
<keyObject>6D652F65-4F27-BA77-E513-03A1086BD1F2</keyObject>
<referredKeyID>6D652F65-4F27-BA77-E513-03A1086BD1F2</referredKeyID>
<mandatory>true</mandatory>
<refColNames>nazev_koleje</refColNames>
<transferable>true</transferable>
<rely>false</rely>
<columnDependencyConstraintGenerateInDDL>true</columnDependencyConstraintGenerateInDDL>
</FKIndexAssociation>