<?xml version = '1.0' encoding = 'UTF-8'?>
<FKIndexAssociation class="oracle.dbtools.crest.model.design.relational.FKIndexAssociation" directorySegmentName="seg_0" id="75C57E07-9190-CA88-B809-624E74634908" containerWithKeyObject="12A46093-D108-3360-652F-6CE04FB42955" localFKIndex="17DA648A-2920-2A7A-6505-4869D7DB842B" name="Student_Adresa_FK">
<createdBy>Tam1</createdBy>
<createdTime>2018-04-19 16:42:03 UTC</createdTime>
<generatorID>F911E3C1-AD75-4B28-5455-D0AB17D7CA33</generatorID>
<ownerDesignName>new</ownerDesignName>
<referredTableLongName>Adresa</referredTableLongName>
<deleteRule>NO ACTION</deleteRule>
<referredTableID>A312FE05-1C52-C021-2953-85A36C0482FD</referredTableID>
<keyObject>4819A9A6-BD2D-93BD-62C9-A357F6740DB7</keyObject>
<referredKeyID>4819A9A6-BD2D-93BD-62C9-A357F6740DB7</referredKeyID>
<mandatory>true</mandatory>
<refColNames>adresa_key</refColNames>
<transferable>true</transferable>
<rely>false</rely>
<columnDependencyConstraintGenerateInDDL>true</columnDependencyConstraintGenerateInDDL>
</FKIndexAssociation>