<?xml version = '1.0' encoding = 'UTF-8'?>
<FKIndexAssociation class="oracle.dbtools.crest.model.design.relational.FKIndexAssociation" directorySegmentName="seg_0" id="8F085410-3362-AC4B-7F6F-923FC476EB83" containerWithKeyObject="D18FBCCC-6CEF-6B32-0FBB-111E84F30FB8" localFKIndex="EFB0D6D3-293B-BCC1-D245-44D9D3D9D067" name="Predmet_Ucitel_FK">
<createdBy>Tam1</createdBy>
<createdTime>2018-04-19 16:42:03 UTC</createdTime>
<generatorID>D17A6BEA-2B77-CDFF-9BFC-835039FFBCFB</generatorID>
<ownerDesignName>new</ownerDesignName>
<referredTableLongName>Ucitel</referredTableLongName>
<deleteRule>NO ACTION</deleteRule>
<referredTableID>6CD615F6-6E5B-563C-2FFD-B1F26264E494</referredTableID>
<keyObject>B7DF2DFB-45EA-A45D-9C28-BDF2603C80B8</keyObject>
<referredKeyID>B7DF2DFB-45EA-A45D-9C28-BDF2603C80B8</referredKeyID>
<mandatory>true</mandatory>
<refColNames>Zamestnanec_id_zam</refColNames>
<transferable>true</transferable>
<rely>false</rely>
<columnDependencyConstraintGenerateInDDL>true</columnDependencyConstraintGenerateInDDL>
</FKIndexAssociation>