<?xml version = '1.0' encoding = 'UTF-8'?>
<FKIndexAssociation class="oracle.dbtools.crest.model.design.relational.FKIndexAssociation" directorySegmentName="seg_0" id="94A99FFB-D287-033F-DBA6-8ACA4B496A4F" containerWithKeyObject="77697BB9-649E-9194-2E6E-50333709F0E7" localFKIndex="258AC29D-DC6C-5A3D-8502-8271B4566EA6" name="predmet_v_rocniku_Rocnik_FK">
<createdBy>Tam1</createdBy>
<createdTime>2018-04-19 16:42:03 UTC</createdTime>
<generatorID>D4004BFC-8AD5-5975-9BB4-E83086FAD1A8</generatorID>
<ownerDesignName>new</ownerDesignName>
<referredTableLongName>Rocnik</referredTableLongName>
<deleteRule>NO ACTION</deleteRule>
<referredTableID>C9762858-AD5F-794D-2227-4B90137D07B4</referredTableID>
<keyObject>EA035015-1B96-0F8C-17DE-8BF24FE0BB93</keyObject>
<referredKeyID>EA035015-1B96-0F8C-17DE-8BF24FE0BB93</referredKeyID>
<mandatory>true</mandatory>
<refColNames>id_rocnik</refColNames>
<transferable>true</transferable>
<rely>false</rely>
<columnDependencyConstraintGenerateInDDL>true</columnDependencyConstraintGenerateInDDL>
</FKIndexAssociation>