<?xml version = '1.0' encoding = 'UTF-8'?>
<FKIndexAssociation class="oracle.dbtools.crest.model.design.relational.FKIndexAssociation" directorySegmentName="seg_0" id="A3F61401-0F67-C8F4-8A18-FFD48BAEF000" containerWithKeyObject="1F54ADE6-92CD-DF23-E8F7-7630D779B1BF" localFKIndex="DA8BD27B-24B0-9D45-9142-7AF6BD97BE4C" name="Primus_Prefekt_FK">
<createdBy>Tam1</createdBy>
<createdTime>2018-04-19 16:42:03 UTC</createdTime>
<generatorID>E8AFB1AE-1C5B-0ACE-AB19-D0C30A5D7DC6</generatorID>
<ownerDesignName>new</ownerDesignName>
<referredTableLongName>Prefekt</referredTableLongName>
<deleteRule>NO ACTION</deleteRule>
<referredTableID>5371501E-BD38-2310-BAD3-D7C9204CA887</referredTableID>
<keyObject>A44748B3-6C84-B16A-F4F4-003F7C72D2F5</keyObject>
<referredKeyID>A44748B3-6C84-B16A-F4F4-003F7C72D2F5</referredKeyID>
<mandatory>true</mandatory>
<refColNames>Student_id_student</refColNames>
<transferable>true</transferable>
<rely>false</rely>
<columnDependencyConstraintGenerateInDDL>true</columnDependencyConstraintGenerateInDDL>
</FKIndexAssociation>