<?xml version = '1.0' encoding = 'UTF-8'?>
<FKIndexAssociation class="oracle.dbtools.crest.model.design.relational.FKIndexAssociation" directorySegmentName="seg_0" id="BBD37A8D-6F27-55CA-62EE-664EB4EEB42F" containerWithKeyObject="5371501E-BD38-2310-BAD3-D7C9204CA887" localFKIndex="7BE63BB3-81A6-BA77-AFC3-6C22227867F7" name="Prefekt_Student_FK">
<createdBy>Tam1</createdBy>
<createdTime>2018-04-19 16:42:03 UTC</createdTime>
<generatorID>2CD22430-157A-053A-BF8F-5EA4C7E217E6</generatorID>
<ownerDesignName>new</ownerDesignName>
<referredTableLongName>Student</referredTableLongName>
<deleteRule>NO ACTION</deleteRule>
<referredTableID>12A46093-D108-3360-652F-6CE04FB42955</referredTableID>
<keyObject>3C56387A-896F-A7AC-FC38-182F034132FA</keyObject>
<referredKeyID>3C56387A-896F-A7AC-FC38-182F034132FA</referredKeyID>
<mandatory>true</mandatory>
<refColNames>id_student</refColNames>
<transferable>true</transferable>
<rely>false</rely>
<columnDependencyConstraintGenerateInDDL>true</columnDependencyConstraintGenerateInDDL>
</FKIndexAssociation>