<?xml version = '1.0' encoding = 'UTF-8'?>
<FKIndexAssociation class="oracle.dbtools.crest.model.design.relational.FKIndexAssociation" directorySegmentName="seg_0" id="D104E004-C428-1D08-5FCB-5CD580C75DAB" containerWithKeyObject="FD26F8DA-0EAA-F4AB-128E-B3382700128C" localFKIndex="A5747C45-C6D6-5711-D523-08FF4C0C2398" name="Zamestnanec_Adresa_FK">
<createdBy>Tam1</createdBy>
<createdTime>2018-04-19 16:42:03 UTC</createdTime>
<generatorID>3A6002E7-EAE4-AD55-ACA0-9863423D9D75</generatorID>
<ownerDesignName>new</ownerDesignName>
<referredTableLongName>Adresa</referredTableLongName>
<deleteRule>NO ACTION</deleteRule>
<referredTableID>A312FE05-1C52-C021-2953-85A36C0482FD</referredTableID>
<keyObject>4819A9A6-BD2D-93BD-62C9-A357F6740DB7</keyObject>
<referredKeyID>4819A9A6-BD2D-93BD-62C9-A357F6740DB7</referredKeyID>
<mandatory>true</mandatory>
<refColNames>adresa_key</refColNames>
<transferable>true</transferable>
<rely>false</rely>
<columnDependencyConstraintGenerateInDDL>true</columnDependencyConstraintGenerateInDDL>
</FKIndexAssociation>