<?xml version = '1.0' encoding = 'UTF-8'?>
<FKIndexAssociation class="oracle.dbtools.crest.model.design.relational.FKIndexAssociation" directorySegmentName="seg_0" id="EB0772BD-8D8B-3383-9197-0C9C37421B16" containerWithKeyObject="5BA257A9-CF12-5671-96CC-DBAD6D9F8EA7" localFKIndex="B99308B7-8E47-87E2-A0E5-5C8704C488F8" name="Hrac_Student_FK">
<createdBy>Tam1</createdBy>
<createdTime>2018-04-19 16:42:03 UTC</createdTime>
<generatorID>CAEECD56-ABDA-2BC1-5F53-5F3274E6B93C</generatorID>
<ownerDesignName>new</ownerDesignName>
<referredTableLongName>Student</referredTableLongName>
<deleteRule>NO ACTION</deleteRule>
<referredTableID>12A46093-D108-3360-652F-6CE04FB42955</referredTableID>
<keyObject>3C56387A-896F-A7AC-FC38-182F034132FA</keyObject>
<referredKeyID>3C56387A-896F-A7AC-FC38-182F034132FA</referredKeyID>
<mandatory>true</mandatory>
<refColNames>id_student</refColNames>
<transferable>true</transferable>
<rely>false</rely>
<columnDependencyConstraintGenerateInDDL>true</columnDependencyConstraintGenerateInDDL>
</FKIndexAssociation>