<?xml version = '1.0' encoding = 'UTF-8'?>
<FKIndexAssociation class="oracle.dbtools.crest.model.design.relational.FKIndexAssociation" directorySegmentName="seg_0" id="FF971396-8A74-0001-DA98-DE3F42EF34AF" containerWithKeyObject="12A46093-D108-3360-652F-6CE04FB42955" localFKIndex="8002A156-8D55-4C7C-F2E0-D9B65CE552AF" name="Student_Rocnik_FK">
<createdBy>Tam1</createdBy>
<createdTime>2018-04-19 16:42:03 UTC</createdTime>
<generatorID>413FC8A8-97AD-D8F2-D98F-968456F94BF1</generatorID>
<ownerDesignName>new</ownerDesignName>
<referredTableLongName>Rocnik</referredTableLongName>
<deleteRule>NO ACTION</deleteRule>
<referredTableID>C9762858-AD5F-794D-2227-4B90137D07B4</referredTableID>
<keyObject>EA035015-1B96-0F8C-17DE-8BF24FE0BB93</keyObject>
<referredKeyID>EA035015-1B96-0F8C-17DE-8BF24FE0BB93</referredKeyID>
<mandatory>true</mandatory>
<refColNames>id_rocnik</refColNames>
<transferable>true</transferable>
<rely>false</rely>
<columnDependencyConstraintGenerateInDDL>true</columnDependencyConstraintGenerateInDDL>
</FKIndexAssociation>