<?xml version = '1.0' encoding = 'UTF-8'?>
<Table class="oracle.dbtools.crest.model.design.relational.Table" directorySegmentName="seg_0" id="12A46093-D108-3360-652F-6CE04FB42955" name="Student">
<createdBy>Tam1</createdBy>
<createdTime>2018-04-19 16:42:03 UTC</createdTime>
<generatorID>63CB5728-F114-83D4-045C-2024D03D1877</generatorID>
<ownerDesignName>new</ownerDesignName>
<allowColumnReorder>false</allowColumnReorder>
<existDependencyGenerateInDDl>true</existDependencyGenerateInDDl>
<parsed>true</parsed>
<columns itemClass="oracle.dbtools.crest.model.design.relational.Column">
<Column name="id_student" id="7BA11B30-B826-BE9E-2736-B00E27910581">
<createdBy>Tam1</createdBy>
<createdTime>2018-04-19 16:42:03 UTC</createdTime>
<generatorID>AB0FD6BC-D181-6FD7-3F38-10BAA9C830EF</generatorID>
<ownerDesignName>new</ownerDesignName>
<useDomainConstraints>false</useDomainConstraints>
<use>1</use>
<logicalDatatype>LOGDT011</logicalDatatype>
<ownDataTypeParameters>,,</ownDataTypeParameters>
<autoIncrementColumn>true</autoIncrementColumn>
<autoIncrementCycle>false</autoIncrementCycle>
</Column>
<Column name="jmeno" id="35A2F66C-A407-6149-CCC3-5F534F960EBD">
<createdBy>Tam1</createdBy>
<createdTime>2018-04-19 16:42:03 UTC</createdTime>
<generatorID>6C6CFDE8-F335-9D4C-9FCB-5B850398F217</generatorID>
<ownerDesignName>new</ownerDesignName>
<useDomainConstraints>false</useDomainConstraints>
<use>1</use>
<logicalDatatype>LOGDT024</logicalDatatype>
<dataTypeSize>20 CHAR</dataTypeSize>
<ownDataTypeParameters>20 CHAR,,</ownDataTypeParameters>
<autoIncrementCycle>false</autoIncrementCycle>
</Column>
<Column name="prijmeni" id="1CDD5951-B60A-EFF0-C7E3-24F817BCE5B2">
<createdBy>Tam1</createdBy>
<createdTime>2018-04-19 16:42:03 UTC</createdTime>
<generatorID>402B0CFC-18F1-B1C0-F36F-BFE43B629BD0</generatorID>
<ownerDesignName>new</ownerDesignName>
<useDomainConstraints>false</useDomainConstraints>
<use>1</use>
<logicalDatatype>LOGDT024</logicalDatatype>
<dataTypeSize>20 CHAR</dataTypeSize>
<ownDataTypeParameters>20 CHAR,,</ownDataTypeParameters>
<autoIncrementCycle>false</autoIncrementCycle>
</Column>
<Column name="rok_narozeni" id="C238255F-7BFA-432B-455A-D37EACA18EA0">
<createdBy>Tam1</createdBy>
<createdTime>2018-04-19 16:42:03 UTC</createdTime>
<generatorID>D9490C29-BB4C-C86B-BAA8-E17538CE75E9</generatorID>
<ownerDesignName>new</ownerDesignName>
<useDomainConstraints>false</useDomainConstraints>
<use>1</use>
<logicalDatatype>LOGDT011</logicalDatatype>
<ownDataTypeParameters>,,</ownDataTypeParameters>
<autoIncrementCycle>false</autoIncrementCycle>
</Column>
<Column name="hulka" id="1480A5EB-06B0-8037-210E-BBC448B05ECA">
<createdBy>Tam1</createdBy>
<createdTime>2018-04-19 16:42:03 UTC</createdTime>
<generatorID>5147354F-E52E-B2D6-B7EE-DD4EE5ADFC92</generatorID>
<ownerDesignName>new</ownerDesignName>
<nullsAllowed>true</nullsAllowed>
<useDomainConstraints>false</useDomainConstraints>
<use>1</use>
<logicalDatatype>LOGDT024</logicalDatatype>
<dataTypeSize>30 CHAR</dataTypeSize>
<ownDataTypeParameters>30 CHAR,,</ownDataTypeParameters>
<autoIncrementCycle>false</autoIncrementCycle>
</Column>
<Column name="sova" id="8C86B649-6872-52D4-CF81-D01D8A9A4077">
<createdBy>Tam1</createdBy>
<createdTime>2018-04-19 16:42:03 UTC</createdTime>
<generatorID>4F18020B-78F5-07AF-4723-96354AA870A0</generatorID>
<ownerDesignName>new</ownerDesignName>
<nullsAllowed>true</nullsAllowed>
<useDomainConstraints>false</useDomainConstraints>
<use>1</use>
<logicalDatatype>LOGDT024</logicalDatatype>
<dataTypeSize>30 CHAR</dataTypeSize>
<ownDataTypeParameters>30 CHAR,,</ownDataTypeParameters>
<autoIncrementCycle>false</autoIncrementCycle>
</Column>
<Column name="Adresa_adresa_key" id="8F043DCB-7289-8951-FD59-4BDB66536FB7">
<createdBy>Tam1</createdBy>
<createdTime>2018-04-19 16:42:03 UTC</createdTime>
<generatorID>66908D3C-3E10-B97F-819D-03D1CF87806C</generatorID>
<ownerDesignName>new</ownerDesignName>
<useDomainConstraints>false</useDomainConstraints>
<use>1</use>
<logicalDatatype>LOGDT011</logicalDatatype>
<ownDataTypeParameters>,,</ownDataTypeParameters>
<previousColumn>false</previousColumn>
<autoIncrementCycle>false</autoIncrementCycle>
<associations>
<colAssociation fkAssociation="75C57E07-9190-CA88-B809-624E74634908" referredColumn="F86AEC26-0035-15CE-4458-5E1D2E055864"/>
</associations>
</Column>
<Column name="Rocnik_id_rocnik" id="089549E4-67D8-817B-A6C2-D476A69B305C">
<createdBy>Tam1</createdBy>
<createdTime>2018-04-19 16:42:03 UTC</createdTime>
<generatorID>5C5E20CF-773C-71D5-3834-F0E0B045EEC7</generatorID>
<ownerDesignName>new</ownerDesignName>
<useDomainConstraints>false</useDomainConstraints>
<use>1</use>
<logicalDatatype>LOGDT011</logicalDatatype>
<ownDataTypeParameters>,,</ownDataTypeParameters>
<previousColumn>false</previousColumn>
<autoIncrementCycle>false</autoIncrementCycle>
<associations>
<colAssociation fkAssociation="FF971396-8A74-0001-DA98-DE3F42EF34AF" referredColumn="9B580CDF-E7E7-3805-83BB-A9C9E9C61CA4"/>
</associations>
</Column>
<Column name="Kolej_nazev_koleje" id="B73F216B-FDC1-4289-9C3D-A11FFFF10D93">
<createdBy>Tam1</createdBy>
<createdTime>2018-04-19 16:42:03 UTC</createdTime>
<generatorID>59C92C8B-AD21-E929-BB88-8FD776EB1E07</generatorID>
<ownerDesignName>new</ownerDesignName>
<useDomainConstraints>false</useDomainConstraints>
<use>1</use>
<logicalDatatype>LOGDT024</logicalDatatype>
<dataTypeSize>20</dataTypeSize>
<ownDataTypeParameters>,,</ownDataTypeParameters>
<previousColumn>false</previousColumn>
<autoIncrementCycle>false</autoIncrementCycle>
<associations>
<colAssociation fkAssociation="218CCE94-6B12-47F4-9B5D-81906932E022" referredColumn="495C190D-E11F-84C2-867A-DFD942C61203"/>
</associations>
</Column>
</columns>
<indexes itemClass="oracle.dbtools.crest.model.design.relational.Index">
<ind_PK_UK id="3C56387A-896F-A7AC-FC38-182F034132FA" name="Student_PK">
<createdBy>Tam1</createdBy>
<createdTime>2018-04-19 16:42:03 UTC</createdTime>
<generatorID>15C8522B-C1BD-209D-8A77-6D0E2FD68B34</generatorID>
<ownerDesignName>new</ownerDesignName>
<pk>true</pk>
<indexState>Primary Constraint</indexState>
<isSurrogateKey>false</isSurrogateKey>
<indexColumnUsage>
<colUsage columnID="7BA11B30-B826-BE9E-2736-B00E27910581"/>
</indexColumnUsage>
</ind_PK_UK>
<ind_PK_UK id="751BB975-055A-C1E0-2257-93C9102A41FC" name="Student_Kolej_FK">
<createdBy>Tam1</createdBy>
<createdTime>2018-04-19 16:42:03 UTC</createdTime>
<generatorID>644CB938-CD4E-8FAF-0B1F-EBF4E3014E56</generatorID>
<ownerDesignName>new</ownerDesignName>
<indexState>Foreign Key</indexState>
<isSurrogateKey>false</isSurrogateKey>
<indexColumnUsage>
<colUsage columnID="B73F216B-FDC1-4289-9C3D-A11FFFF10D93"/>
</indexColumnUsage>
</ind_PK_UK>
<ind_PK_UK id="17DA648A-2920-2A7A-6505-4869D7DB842B" name="Student_Adresa_FK">
<createdBy>Tam1</createdBy>
<createdTime>2018-04-19 16:42:03 UTC</createdTime>
<generatorID>F911E3C1-AD75-4B28-5455-D0AB17D7CA33</generatorID>
<ownerDesignName>new</ownerDesignName>
<indexState>Foreign Key</indexState>
<isSurrogateKey>false</isSurrogateKey>
<indexColumnUsage>
<colUsage columnID="8F043DCB-7289-8951-FD59-4BDB66536FB7"/>
</indexColumnUsage>
</ind_PK_UK>
<ind_PK_UK id="8002A156-8D55-4C7C-F2E0-D9B65CE552AF" name="Student_Rocnik_FK">
<createdBy>Tam1</createdBy>
<createdTime>2018-04-19 16:42:03 UTC</createdTime>
<generatorID>413FC8A8-97AD-D8F2-D98F-968456F94BF1</generatorID>
<ownerDesignName>new</ownerDesignName>
<indexState>Foreign Key</indexState>
<isSurrogateKey>false</isSurrogateKey>
<indexColumnUsage>
<colUsage columnID="089549E4-67D8-817B-A6C2-D476A69B305C"/>
</indexColumnUsage>
</ind_PK_UK>
</indexes>
</Table>