<?xml version = '1.0' encoding = 'UTF-8'?>
<Table class="oracle.dbtools.crest.model.design.relational.Table" directorySegmentName="seg_0" id="1E0CB422-DBA6-B8A4-91A4-C90B05E92E8E" name="FamfrpalT">
<createdBy>Tam1</createdBy>
<createdTime>2018-04-19 16:42:03 UTC</createdTime>
<generatorID>E03987CC-5F44-CAC3-99EA-D4882127BA4C</generatorID>
<ownerDesignName>new</ownerDesignName>
<allowColumnReorder>false</allowColumnReorder>
<existDependencyGenerateInDDl>true</existDependencyGenerateInDDl>
<parsed>true</parsed>
<columns itemClass="oracle.dbtools.crest.model.design.relational.Column">
<Column name="prezdivka" id="BC2D1D1B-C0DE-0DBC-25B4-7A1FACFBD8DE">
<createdBy>Tam1</createdBy>
<createdTime>2018-04-19 16:42:03 UTC</createdTime>
<generatorID>0A60D7FD-DC3F-00C8-DBE6-3E0837019016</generatorID>
<ownerDesignName>new</ownerDesignName>
<nullsAllowed>true</nullsAllowed>
<useDomainConstraints>false</useDomainConstraints>
<use>1</use>
<logicalDatatype>LOGDT024</logicalDatatype>
<dataTypeSize>10 CHAR</dataTypeSize>
<ownDataTypeParameters>10 CHAR,,</ownDataTypeParameters>
<autoIncrementCycle>false</autoIncrementCycle>
</Column>
<Column name="Kolej_nazev_koleje" id="317337BA-FC23-645D-C336-4BB5F8B4E305">
<createdBy>Tam1</createdBy>
<createdTime>2018-04-19 16:42:03 UTC</createdTime>
<generatorID>444F4366-8203-523F-7C15-92EA85C56E7C</generatorID>
<ownerDesignName>new</ownerDesignName>
<useDomainConstraints>false</useDomainConstraints>
<use>1</use>
<logicalDatatype>LOGDT024</logicalDatatype>
<dataTypeSize>20</dataTypeSize>
<ownDataTypeParameters>,,</ownDataTypeParameters>
<previousColumn>false</previousColumn>
<autoIncrementCycle>false</autoIncrementCycle>
<associations>
<colAssociation fkAssociation="6CB4A72B-50D8-9BE0-BB58-AE7D4FC4610E" referredColumn="495C190D-E11F-84C2-867A-DFD942C61203"/>
</associations>
</Column>
</columns>
<indexes itemClass="oracle.dbtools.crest.model.design.relational.Index">
<ind_PK_UK id="FBC02B49-B67D-FFA2-91EE-8C1DE0DA4154" name="FamfrpalT_PK">
<createdBy>Tam1</createdBy>
<createdTime>2018-04-19 16:42:03 UTC</createdTime>
<generatorID>7C1A8704-B9CF-44D6-4926-B08A93354B59</generatorID>
<ownerDesignName>new</ownerDesignName>
<pk>true</pk>
<indexState>Primary Constraint</indexState>
<isSurrogateKey>false</isSurrogateKey>
<indexColumnUsage>
<colUsage columnID="317337BA-FC23-645D-C336-4BB5F8B4E305"/>
</indexColumnUsage>
</ind_PK_UK>
<ind_PK_UK id="CC2FD46B-967E-045C-498F-E326AB21096A" name="FamfrpalT_Kolej_FK">
<createdBy>Tam1</createdBy>
<createdTime>2018-04-19 16:42:03 UTC</createdTime>
<generatorID>5D355C06-C16E-2902-133E-DB88AD982A81</generatorID>
<ownerDesignName>new</ownerDesignName>
<indexState>Foreign Key</indexState>
<isSurrogateKey>false</isSurrogateKey>
<indexColumnUsage>
<colUsage columnID="317337BA-FC23-645D-C336-4BB5F8B4E305"/>
</indexColumnUsage>
</ind_PK_UK>
</indexes>
</Table>