<?xml version = '1.0' encoding = 'UTF-8'?>
<Table class="oracle.dbtools.crest.model.design.relational.Table" directorySegmentName="seg_0" id="1F54ADE6-92CD-DF23-E8F7-7630D779B1BF" name="Primus">
<createdBy>Tam1</createdBy>
<createdTime>2018-04-19 16:42:03 UTC</createdTime>
<generatorID>C192437C-6B5F-9B91-4DE2-8527339021D2</generatorID>
<ownerDesignName>new</ownerDesignName>
<allowColumnReorder>false</allowColumnReorder>
<existDependencyGenerateInDDl>true</existDependencyGenerateInDDl>
<parsed>true</parsed>
<columns itemClass="oracle.dbtools.crest.model.design.relational.Column">
<Column name="prezdivka" id="383CEB26-F90D-8586-525B-073B91AB49B6">
<createdBy>Tam1</createdBy>
<createdTime>2018-04-19 16:42:03 UTC</createdTime>
<generatorID>2563DF1C-D869-CDBF-FCD7-1074A65E1BA1</generatorID>
<ownerDesignName>new</ownerDesignName>
<nullsAllowed>true</nullsAllowed>
<useDomainConstraints>false</useDomainConstraints>
<use>1</use>
<logicalDatatype>LOGDT024</logicalDatatype>
<dataTypeSize>20 CHAR</dataTypeSize>
<ownDataTypeParameters>20 CHAR,,</ownDataTypeParameters>
<autoIncrementCycle>false</autoIncrementCycle>
</Column>
<Column name="Prefekt_Student_id_student" id="1BEA40B9-BFB2-FDE5-55ED-E03043DBD48C">
<createdBy>Tam1</createdBy>
<createdTime>2018-04-19 16:42:03 UTC</createdTime>
<generatorID>D0B17C1A-6E71-CF24-324B-5F7CD5380E8C</generatorID>
<ownerDesignName>new</ownerDesignName>
<useDomainConstraints>false</useDomainConstraints>
<use>1</use>
<logicalDatatype>LOGDT011</logicalDatatype>
<ownDataTypeParameters>,,</ownDataTypeParameters>
<previousColumn>false</previousColumn>
<autoIncrementCycle>false</autoIncrementCycle>
<associations>
<colAssociation fkAssociation="A3F61401-0F67-C8F4-8A18-FFD48BAEF000" referredColumn="722F783A-69C7-4089-D4B5-B9218E7D0F89"/>
</associations>
</Column>
</columns>
<indexes itemClass="oracle.dbtools.crest.model.design.relational.Index">
<ind_PK_UK id="E05F40A6-D93C-970F-A1BF-4D5B2F3E96D3" name="Primus_PK">
<createdBy>Tam1</createdBy>
<createdTime>2018-04-19 16:42:03 UTC</createdTime>
<generatorID>242B0622-229A-A3C9-2E6E-1B50044D41E9</generatorID>
<ownerDesignName>new</ownerDesignName>
<pk>true</pk>
<indexState>Primary Constraint</indexState>
<isSurrogateKey>false</isSurrogateKey>
<indexColumnUsage>
<colUsage columnID="1BEA40B9-BFB2-FDE5-55ED-E03043DBD48C"/>
</indexColumnUsage>
</ind_PK_UK>
<ind_PK_UK id="DA8BD27B-24B0-9D45-9142-7AF6BD97BE4C" name="Primus_Prefekt_FK">
<createdBy>Tam1</createdBy>
<createdTime>2018-04-19 16:42:03 UTC</createdTime>
<generatorID>E8AFB1AE-1C5B-0ACE-AB19-D0C30A5D7DC6</generatorID>
<ownerDesignName>new</ownerDesignName>
<indexState>Foreign Key</indexState>
<isSurrogateKey>false</isSurrogateKey>
<indexColumnUsage>
<colUsage columnID="1BEA40B9-BFB2-FDE5-55ED-E03043DBD48C"/>
</indexColumnUsage>
</ind_PK_UK>
</indexes>
</Table>