<?xml version = '1.0' encoding = 'UTF-8'?>
<Table class="oracle.dbtools.crest.model.design.relational.Table" directorySegmentName="seg_0" id="27F4DFB8-1276-588C-D258-CB07170FAFB6" name="Ostatni">
<createdBy>Tam1</createdBy>
<createdTime>2018-04-19 16:42:03 UTC</createdTime>
<generatorID>BF08637A-E102-EFF2-B349-77D3F6FF59B5</generatorID>
<ownerDesignName>new</ownerDesignName>
<allowColumnReorder>false</allowColumnReorder>
<existDependencyGenerateInDDl>true</existDependencyGenerateInDDl>
<parsed>true</parsed>
<columns itemClass="oracle.dbtools.crest.model.design.relational.Column">
<Column name="pozice" id="AA541041-3FFB-514F-0FBD-0A4727999937">
<createdBy>Tam1</createdBy>
<createdTime>2018-04-19 16:42:03 UTC</createdTime>
<generatorID>EE4F650D-E040-6EED-FB8F-7905B61C752E</generatorID>
<ownerDesignName>new</ownerDesignName>
<useDomainConstraints>false</useDomainConstraints>
<use>1</use>
<logicalDatatype>LOGDT024</logicalDatatype>
<dataTypeSize>20 CHAR</dataTypeSize>
<ownDataTypeParameters>20 CHAR,,</ownDataTypeParameters>
<autoIncrementCycle>false</autoIncrementCycle>
</Column>
<Column name="Zamestnanec_id_zam" id="FE0153BD-557E-180F-49A3-1670E0D6C48A">
<createdBy>Tam1</createdBy>
<createdTime>2018-04-19 16:42:03 UTC</createdTime>
<generatorID>94E227F7-14BC-E5E7-51E9-60888E6D1B98</generatorID>
<ownerDesignName>new</ownerDesignName>
<useDomainConstraints>false</useDomainConstraints>
<use>1</use>
<logicalDatatype>LOGDT019</logicalDatatype>
<ownDataTypeParameters>,,</ownDataTypeParameters>
<previousColumn>false</previousColumn>
<autoIncrementCycle>false</autoIncrementCycle>
<associations>
<colAssociation fkAssociation="648C5B40-79D3-689F-66D6-09C66C47D5A6" referredColumn="1ED52443-7EAD-D656-84B7-72EDCFA4F24B"/>
</associations>
</Column>
</columns>
<indexes itemClass="oracle.dbtools.crest.model.design.relational.Index">
<ind_PK_UK id="3F6C844F-8A6F-86C6-F0B5-532A7ACC61F1" name="Ostatni_PK">
<createdBy>Tam1</createdBy>
<createdTime>2018-04-19 16:42:03 UTC</createdTime>
<generatorID>D38A68AE-D759-6B99-311B-84CE7EA87EE6</generatorID>
<ownerDesignName>new</ownerDesignName>
<pk>true</pk>
<indexState>Primary Constraint</indexState>
<isSurrogateKey>false</isSurrogateKey>
<indexColumnUsage>
<colUsage columnID="FE0153BD-557E-180F-49A3-1670E0D6C48A"/>
</indexColumnUsage>
</ind_PK_UK>
<ind_PK_UK id="7CA38D38-9836-285D-0A84-9F397BF5C64E" name="Ostatni_Zamestnanec_FK">
<createdBy>Tam1</createdBy>
<createdTime>2018-04-19 16:42:03 UTC</createdTime>
<generatorID>51D618A4-9D94-29F8-51B9-4087B72A54F4</generatorID>
<ownerDesignName>new</ownerDesignName>
<indexState>Foreign Key</indexState>
<isSurrogateKey>false</isSurrogateKey>
<indexColumnUsage>
<colUsage columnID="FE0153BD-557E-180F-49A3-1670E0D6C48A"/>
</indexColumnUsage>
</ind_PK_UK>
</indexes>
</Table>