<?xml version = '1.0' encoding = 'UTF-8'?>
<Table class="oracle.dbtools.crest.model.design.relational.Table" directorySegmentName="seg_0" id="2F6B5910-58EB-1D33-B4AD-853022676A13" name="Povinne_volitelny">
<createdBy>Tam1</createdBy>
<createdTime>2018-04-19 16:42:03 UTC</createdTime>
<generatorID>29E8864F-E0DC-2E0E-2B5B-8C5905D8855D</generatorID>
<ownerDesignName>new</ownerDesignName>
<allowColumnReorder>false</allowColumnReorder>
<existDependencyGenerateInDDl>true</existDependencyGenerateInDDl>
<parsed>true</parsed>
<columns itemClass="oracle.dbtools.crest.model.design.relational.Column">
<Column name="nazev" id="7D7A1804-79EA-58ED-DBD4-57C482E54C8B">
<createdBy>Tam1</createdBy>
<createdTime>2018-04-19 16:42:03 UTC</createdTime>
<generatorID>09C2D7CD-0591-A48F-0B99-1FA44167C425</generatorID>
<ownerDesignName>new</ownerDesignName>
<useDomainConstraints>false</useDomainConstraints>
<use>1</use>
<logicalDatatype>LOGDT024</logicalDatatype>
<dataTypeSize>50 CHAR</dataTypeSize>
<ownDataTypeParameters>,,</ownDataTypeParameters>
<autoIncrementCycle>false</autoIncrementCycle>
<associations>
<colAssociation fkAssociation="4C4F3077-6FDE-6191-8EF9-E2C878626C0F" referredColumn="92741743-9F73-C557-A548-5BC31961A63C"/>
</associations>
</Column>
<Column name="zkratka" id="A6BD336C-0D5B-BA23-9A01-2F307F02ECD3">
<createdBy>Tam1</createdBy>
<createdTime>2018-04-19 16:42:03 UTC</createdTime>
<generatorID>65903ACD-11C2-D5C7-6B78-E3F61E3B56AB</generatorID>
<ownerDesignName>new</ownerDesignName>
<useDomainConstraints>false</useDomainConstraints>
<use>1</use>
<logicalDatatype>LOGDT024</logicalDatatype>
<dataTypeSize>10 CHAR</dataTypeSize>
<ownDataTypeParameters>10 CHAR,,</ownDataTypeParameters>
<autoIncrementCycle>false</autoIncrementCycle>
</Column>
<Column name="Povinne_volitelny_TYPE" id="0F6A9846-56F9-2939-8390-8AECE496CE83">
<createdBy>Tam1</createdBy>
<createdTime>2018-04-19 16:42:03 UTC</createdTime>
<ownerDesignName>new</ownerDesignName>
<constraintName>CH_INH_Povinne_volitelny</constraintName>
<useDomainConstraints>false</useDomainConstraints>
<use>1</use>
<logicalDatatype>LOGDT024</logicalDatatype>
<dataTypeSize>17</dataTypeSize>
<listOfValues>
<valueDef value="Povinne_volitelny" description="entity Povinne_volitelny"/>
</listOfValues>
<ownDataTypeParameters>17,,</ownDataTypeParameters>
<autoIncrementCycle>false</autoIncrementCycle>
<isDiscriminatorColumn>true</isDiscriminatorColumn>
</Column>
</columns>
<indexes itemClass="oracle.dbtools.crest.model.design.relational.Index">
<ind_PK_UK id="16D21D4A-0D92-14D5-032C-2F5A32482D1C" name="Povinne_volitelny_PK">
<createdBy>Tam1</createdBy>
<createdTime>2018-04-19 16:42:03 UTC</createdTime>
<generatorID>3EF30935-8E0B-AFDF-8CC7-EAF1B460F18B</generatorID>
<ownerDesignName>new</ownerDesignName>
<pk>true</pk>
<indexState>Primary Constraint</indexState>
<isSurrogateKey>false</isSurrogateKey>
<indexColumnUsage>
<colUsage columnID="7D7A1804-79EA-58ED-DBD4-57C482E54C8B"/>
</indexColumnUsage>
</ind_PK_UK>
<ind_PK_UK id="67E60CA1-655A-976F-B9AE-747196BB9E88" name="Povinne_volitelny_Predmet_FK">
<createdBy>Tam1</createdBy>
<createdTime>2018-04-19 16:42:03 UTC</createdTime>
<generatorID>006D8B68-1731-8219-A703-B1128C6B5BD8</generatorID>
<ownerDesignName>new</ownerDesignName>
<indexState>Foreign Key</indexState>
<isSurrogateKey>false</isSurrogateKey>
<indexColumnUsage>
<colUsage columnID="7D7A1804-79EA-58ED-DBD4-57C482E54C8B"/>
</indexColumnUsage>
</ind_PK_UK>
</indexes>
</Table>