<?xml version = '1.0' encoding = 'UTF-8'?>
<Table class="oracle.dbtools.crest.model.design.relational.Table" directorySegmentName="seg_0" id="343246B4-D90E-8F3E-AB0F-C3125EA66246" name="studuje">
<createdBy>Tam1</createdBy>
<createdTime>2018-04-19 16:42:03 UTC</createdTime>
<ownerDesignName>new</ownerDesignName>
<allowColumnReorder>false</allowColumnReorder>
<existDependencyGenerateInDDl>true</existDependencyGenerateInDDl>
<parsed>true</parsed>
<columns itemClass="oracle.dbtools.crest.model.design.relational.Column">
<Column name="Povinne_volitelny_nazev" id="0EA59957-B0F3-B70D-3C0B-C2A98785AF40">
<createdBy>Tam1</createdBy>
<createdTime>2018-04-19 16:42:03 UTC</createdTime>
<ownerDesignName>new</ownerDesignName>
<useDomainConstraints>false</useDomainConstraints>
<use>1</use>
<logicalDatatype>LOGDT024</logicalDatatype>
<dataTypeSize>50 CHAR</dataTypeSize>
<ownDataTypeParameters>,,</ownDataTypeParameters>
<previousColumn>false</previousColumn>
<autoIncrementCycle>false</autoIncrementCycle>
<associations>
<colAssociation fkAssociation="1E145BA1-4320-B6D2-D925-4C58515AA293" referredColumn="7D7A1804-79EA-58ED-DBD4-57C482E54C8B"/>
</associations>
</Column>
<Column name="Student_id_student" id="27E5F755-50A3-7D8F-4DA6-DE1AB65D1153">
<createdBy>Tam1</createdBy>
<createdTime>2018-04-19 16:42:03 UTC</createdTime>
<ownerDesignName>new</ownerDesignName>
<useDomainConstraints>false</useDomainConstraints>
<use>1</use>
<logicalDatatype>LOGDT011</logicalDatatype>
<ownDataTypeParameters>,,</ownDataTypeParameters>
<previousColumn>false</previousColumn>
<autoIncrementCycle>false</autoIncrementCycle>
<associations>
<colAssociation fkAssociation="3052207C-2886-393F-F8DB-E05D209D729E" referredColumn="7BA11B30-B826-BE9E-2736-B00E27910581"/>
</associations>
</Column>
</columns>
<indexes itemClass="oracle.dbtools.crest.model.design.relational.Index">
<ind_PK_UK id="65C25EFD-202C-3E15-0023-2C75CBF201DC" name="studuje_PK">
<createdBy>Tam1</createdBy>
<createdTime>2018-04-19 16:42:03 UTC</createdTime>
<ownerDesignName>new</ownerDesignName>
<pk>true</pk>
<indexState>Primary Constraint</indexState>
<isSurrogateKey>false</isSurrogateKey>
<indexColumnUsage>
<colUsage columnID="0EA59957-B0F3-B70D-3C0B-C2A98785AF40"/>
<colUsage columnID="27E5F755-50A3-7D8F-4DA6-DE1AB65D1153"/>
</indexColumnUsage>
</ind_PK_UK>
<ind_PK_UK id="A0DED5F2-BD64-B192-898D-6A404ADCDE61" name="studuje_Povinne_volitelny_FK">
<createdBy>Tam1</createdBy>
<createdTime>2018-04-19 16:42:03 UTC</createdTime>
<generatorID>FEAA8BC3-0DF9-0D19-2515-82AF8D72F047</generatorID>
<ownerDesignName>new</ownerDesignName>
<indexState>Foreign Key</indexState>
<isSurrogateKey>false</isSurrogateKey>
<indexColumnUsage>
<colUsage columnID="0EA59957-B0F3-B70D-3C0B-C2A98785AF40"/>
</indexColumnUsage>
</ind_PK_UK>
<ind_PK_UK id="D506F06F-970B-3338-993E-530739C79A02" name="studuje_Student_FK">
<createdBy>Tam1</createdBy>
<createdTime>2018-04-19 16:42:03 UTC</createdTime>
<generatorID>FEAA8BC3-0DF9-0D19-2515-82AF8D72F047</generatorID>
<ownerDesignName>new</ownerDesignName>
<indexState>Foreign Key</indexState>
<isSurrogateKey>false</isSurrogateKey>
<indexColumnUsage>
<colUsage columnID="27E5F755-50A3-7D8F-4DA6-DE1AB65D1153"/>
</indexColumnUsage>
</ind_PK_UK>
</indexes>
</Table>