<?xml version = '1.0' encoding = 'UTF-8'?>
<Table class="oracle.dbtools.crest.model.design.relational.Table" directorySegmentName="seg_0" id="5371501E-BD38-2310-BAD3-D7C9204CA887" name="Prefekt">
<createdBy>Tam1</createdBy>
<createdTime>2018-04-19 16:42:03 UTC</createdTime>
<generatorID>484A2861-D33A-3B93-5C57-71D4F94D9F1F</generatorID>
<ownerDesignName>new</ownerDesignName>
<allowColumnReorder>false</allowColumnReorder>
<existDependencyGenerateInDDl>true</existDependencyGenerateInDDl>
<parsed>true</parsed>
<columns itemClass="oracle.dbtools.crest.model.design.relational.Column">
<Column name="prumer_znamek" id="062B0653-C13B-B9C1-0895-BF10BC7D7A6C">
<createdBy>Tam1</createdBy>
<createdTime>2018-04-19 16:42:03 UTC</createdTime>
<generatorID>D95ABE99-5903-B724-7009-1C19A0C7AD40</generatorID>
<ownerDesignName>new</ownerDesignName>
<nullsAllowed>true</nullsAllowed>
<useDomainConstraints>false</useDomainConstraints>
<use>1</use>
<logicalDatatype>LOGDT019</logicalDatatype>
<ownDataTypeParameters>,,</ownDataTypeParameters>
<autoIncrementCycle>false</autoIncrementCycle>
</Column>
<Column name="Student_id_student" id="722F783A-69C7-4089-D4B5-B9218E7D0F89">
<createdBy>Tam1</createdBy>
<createdTime>2018-04-19 16:42:03 UTC</createdTime>
<generatorID>68A82AF6-9013-07C8-BF7E-54F4F9BB87F1</generatorID>
<ownerDesignName>new</ownerDesignName>
<useDomainConstraints>false</useDomainConstraints>
<use>1</use>
<logicalDatatype>LOGDT011</logicalDatatype>
<ownDataTypeParameters>,,</ownDataTypeParameters>
<previousColumn>false</previousColumn>
<autoIncrementCycle>false</autoIncrementCycle>
<associations>
<colAssociation fkAssociation="BBD37A8D-6F27-55CA-62EE-664EB4EEB42F" referredColumn="7BA11B30-B826-BE9E-2736-B00E27910581"/>
</associations>
</Column>
</columns>
<indexes itemClass="oracle.dbtools.crest.model.design.relational.Index">
<ind_PK_UK id="A44748B3-6C84-B16A-F4F4-003F7C72D2F5" name="Prefekt_PK">
<createdBy>Tam1</createdBy>
<createdTime>2018-04-19 16:42:03 UTC</createdTime>
<generatorID>C3652165-E446-99C6-7EC8-9829046E8FC3</generatorID>
<ownerDesignName>new</ownerDesignName>
<pk>true</pk>
<indexState>Primary Constraint</indexState>
<isSurrogateKey>false</isSurrogateKey>
<indexColumnUsage>
<colUsage columnID="722F783A-69C7-4089-D4B5-B9218E7D0F89"/>
</indexColumnUsage>
</ind_PK_UK>
<ind_PK_UK id="7BE63BB3-81A6-BA77-AFC3-6C22227867F7" name="Prefekt_Student_FK">
<createdBy>Tam1</createdBy>
<createdTime>2018-04-19 16:42:03 UTC</createdTime>
<generatorID>2CD22430-157A-053A-BF8F-5EA4C7E217E6</generatorID>
<ownerDesignName>new</ownerDesignName>
<indexState>Foreign Key</indexState>
<isSurrogateKey>false</isSurrogateKey>
<indexColumnUsage>
<colUsage columnID="722F783A-69C7-4089-D4B5-B9218E7D0F89"/>
</indexColumnUsage>
</ind_PK_UK>
</indexes>
</Table>