<?xml version = '1.0' encoding = 'UTF-8'?>
<Table class="oracle.dbtools.crest.model.design.relational.Table" directorySegmentName="seg_0" id="5676BEF5-58F9-8981-86B5-3A5FEC342A97" name="Reditel">
<createdBy>Tam1</createdBy>
<createdTime>2018-04-19 16:42:03 UTC</createdTime>
<generatorID>858419B0-D8BF-FECF-2932-B2B8BF32CC5D</generatorID>
<ownerDesignName>new</ownerDesignName>
<allowColumnReorder>false</allowColumnReorder>
<existDependencyGenerateInDDl>true</existDependencyGenerateInDDl>
<parsed>true</parsed>
<columns itemClass="oracle.dbtools.crest.model.design.relational.Column">
<Column name="kouzelnicky_titul" id="7E9DF389-44A2-FAD4-AF28-06B60362B27A">
<createdBy>Tam1</createdBy>
<createdTime>2018-04-19 16:42:03 UTC</createdTime>
<generatorID>94EAF387-79AE-48A9-34CD-471850161A6A</generatorID>
<ownerDesignName>new</ownerDesignName>
<useDomainConstraints>false</useDomainConstraints>
<use>1</use>
<logicalDatatype>LOGDT024</logicalDatatype>
<dataTypeSize>50 CHAR</dataTypeSize>
<ownDataTypeParameters>50 CHAR,,</ownDataTypeParameters>
<autoIncrementCycle>false</autoIncrementCycle>
</Column>
<Column name="Zamestnanec_id_zam" id="70D42529-C73C-D7E6-A5F8-F696B89DFA71">
<createdBy>Tam1</createdBy>
<createdTime>2018-04-19 16:42:03 UTC</createdTime>
<generatorID>23F91E9F-FE1B-9E96-4086-325B8927D580</generatorID>
<ownerDesignName>new</ownerDesignName>
<useDomainConstraints>false</useDomainConstraints>
<use>1</use>
<logicalDatatype>LOGDT019</logicalDatatype>
<ownDataTypeParameters>,,</ownDataTypeParameters>
<previousColumn>false</previousColumn>
<autoIncrementCycle>false</autoIncrementCycle>
<associations>
<colAssociation fkAssociation="1E1B27C1-6369-BD4D-0019-7CF6EFB6E048" referredColumn="1ED52443-7EAD-D656-84B7-72EDCFA4F24B"/>
</associations>
</Column>
</columns>
<indexes itemClass="oracle.dbtools.crest.model.design.relational.Index">
<ind_PK_UK id="38A7193F-B00E-5213-323C-EC24AA1CDC9F" name="Reditel_PK">
<createdBy>Tam1</createdBy>
<createdTime>2018-04-19 16:42:03 UTC</createdTime>
<generatorID>C99E9682-7C34-B2A3-EE20-FC103D66E4F7</generatorID>
<ownerDesignName>new</ownerDesignName>
<pk>true</pk>
<indexState>Primary Constraint</indexState>
<isSurrogateKey>false</isSurrogateKey>
<indexColumnUsage>
<colUsage columnID="70D42529-C73C-D7E6-A5F8-F696B89DFA71"/>
</indexColumnUsage>
</ind_PK_UK>
<ind_PK_UK id="EE661577-F3DB-1E5F-5442-3E142AC618BF" name="Reditel_Zamestnanec_FK">
<createdBy>Tam1</createdBy>
<createdTime>2018-04-19 16:42:03 UTC</createdTime>
<generatorID>30E31192-D988-A081-9EDB-3F56AFEA53CC</generatorID>
<ownerDesignName>new</ownerDesignName>
<indexState>Foreign Key</indexState>
<isSurrogateKey>false</isSurrogateKey>
<indexColumnUsage>
<colUsage columnID="70D42529-C73C-D7E6-A5F8-F696B89DFA71"/>
</indexColumnUsage>
</ind_PK_UK>
</indexes>
</Table>