<?xml version = '1.0' encoding = 'UTF-8'?>
<Table class="oracle.dbtools.crest.model.design.relational.Table" directorySegmentName="seg_0" id="5BA257A9-CF12-5671-96CC-DBAD6D9F8EA7" name="Hrac">
<createdBy>Tam1</createdBy>
<createdTime>2018-04-19 16:42:03 UTC</createdTime>
<generatorID>60DB2AA7-E5E2-B7ED-A550-91A9D27269D0</generatorID>
<ownerDesignName>new</ownerDesignName>
<allowColumnReorder>false</allowColumnReorder>
<existDependencyGenerateInDDl>true</existDependencyGenerateInDDl>
<parsed>true</parsed>
<columns itemClass="oracle.dbtools.crest.model.design.relational.Column">
<Column name="cislo" id="47CA9F3F-D73C-FFBB-1FE9-A4EEB07C586B">
<createdBy>Tam1</createdBy>
<createdTime>2018-04-19 16:42:03 UTC</createdTime>
<generatorID>16D73E34-5A87-7BF8-0207-2E570644213B</generatorID>
<ownerDesignName>new</ownerDesignName>
<useDomainConstraints>false</useDomainConstraints>
<use>1</use>
<logicalDatatype>LOGDT011</logicalDatatype>
<ownDataTypeParameters>,,</ownDataTypeParameters>
<autoIncrementCycle>false</autoIncrementCycle>
</Column>
<Column name="pozice" id="667174B7-899F-E8B4-EF5D-55E1E5B40A22">
<createdBy>Tam1</createdBy>
<createdTime>2018-04-19 16:42:03 UTC</createdTime>
<generatorID>62986FEE-1E81-1251-564C-0B35B46F24B0</generatorID>
<ownerDesignName>new</ownerDesignName>
<useDomainConstraints>false</useDomainConstraints>
<use>1</use>
<logicalDatatype>LOGDT024</logicalDatatype>
<dataTypeSize>15 CHAR</dataTypeSize>
<ownDataTypeParameters>15 CHAR,,</ownDataTypeParameters>
<autoIncrementCycle>false</autoIncrementCycle>
</Column>
<Column name="koste" id="FC167EF7-559E-56F0-A120-02C76FCC870E">
<createdBy>Tam1</createdBy>
<createdTime>2018-04-19 16:42:03 UTC</createdTime>
<generatorID>0792E375-B5AE-1C13-6415-E722F08CAADA</generatorID>
<ownerDesignName>new</ownerDesignName>
<nullsAllowed>true</nullsAllowed>
<useDomainConstraints>false</useDomainConstraints>
<use>1</use>
<logicalDatatype>LOGDT024</logicalDatatype>
<dataTypeSize>15 CHAR</dataTypeSize>
<ownDataTypeParameters>15 CHAR,,</ownDataTypeParameters>
<autoIncrementCycle>false</autoIncrementCycle>
</Column>
<Column name="Student_id_student" id="DA0BF3FA-1B9B-EF1B-AFA4-4486D71F8EF4">
<createdBy>Tam1</createdBy>
<createdTime>2018-04-19 16:42:03 UTC</createdTime>
<generatorID>78933288-612F-E206-4054-51FA21525AF3</generatorID>
<ownerDesignName>new</ownerDesignName>
<useDomainConstraints>false</useDomainConstraints>
<use>1</use>
<logicalDatatype>LOGDT011</logicalDatatype>
<ownDataTypeParameters>,,</ownDataTypeParameters>
<previousColumn>false</previousColumn>
<autoIncrementCycle>false</autoIncrementCycle>
<associations>
<colAssociation fkAssociation="EB0772BD-8D8B-3383-9197-0C9C37421B16" referredColumn="7BA11B30-B826-BE9E-2736-B00E27910581"/>
</associations>
</Column>
<Column name="FamfrpalT_Kolej_nazev_koleje" id="C39E0EBE-ADF9-F599-8F78-1DF8B8F89AF1">
<createdBy>Tam1</createdBy>
<createdTime>2018-04-19 16:42:03 UTC</createdTime>
<generatorID>CA169DDC-CE85-6E64-6D97-8F59EC924B3E</generatorID>
<ownerDesignName>new</ownerDesignName>
<useDomainConstraints>false</useDomainConstraints>
<use>1</use>
<logicalDatatype>LOGDT024</logicalDatatype>
<dataTypeSize>20</dataTypeSize>
<ownDataTypeParameters>,,</ownDataTypeParameters>
<previousColumn>false</previousColumn>
<autoIncrementCycle>false</autoIncrementCycle>
<associations>
<colAssociation fkAssociation="1382F9E2-B467-3007-0760-7D0C73606C07" referredColumn="317337BA-FC23-645D-C336-4BB5F8B4E305"/>
</associations>
</Column>
</columns>
<indexes itemClass="oracle.dbtools.crest.model.design.relational.Index">
<ind_PK_UK id="8B063DF1-4136-2929-4E11-540CF490CC4A" name="Hrac_PK">
<createdBy>Tam1</createdBy>
<createdTime>2018-04-19 16:42:03 UTC</createdTime>
<generatorID>DEB824B9-C2E2-B3D9-B5C9-8EEC9A199BDE</generatorID>
<ownerDesignName>new</ownerDesignName>
<pk>true</pk>
<indexState>Primary Constraint</indexState>
<isSurrogateKey>false</isSurrogateKey>
<indexColumnUsage>
<colUsage columnID="DA0BF3FA-1B9B-EF1B-AFA4-4486D71F8EF4"/>
</indexColumnUsage>
</ind_PK_UK>
<ind_PK_UK id="B99308B7-8E47-87E2-A0E5-5C8704C488F8" name="Hrac_Student_FK">
<createdBy>Tam1</createdBy>
<createdTime>2018-04-19 16:42:03 UTC</createdTime>
<generatorID>CAEECD56-ABDA-2BC1-5F53-5F3274E6B93C</generatorID>
<ownerDesignName>new</ownerDesignName>
<indexState>Foreign Key</indexState>
<isSurrogateKey>false</isSurrogateKey>
<indexColumnUsage>
<colUsage columnID="DA0BF3FA-1B9B-EF1B-AFA4-4486D71F8EF4"/>
</indexColumnUsage>
</ind_PK_UK>
<ind_PK_UK id="1CCD5292-2308-EFCC-0FBB-7E62B0C9AD2C" name="Hrac_FamfrpalT_FK">
<createdBy>Tam1</createdBy>
<createdTime>2018-04-19 16:42:03 UTC</createdTime>
<generatorID>CC9FFE69-6F80-DB1C-462A-DA78DF3106DD</generatorID>
<ownerDesignName>new</ownerDesignName>
<indexState>Foreign Key</indexState>
<isSurrogateKey>false</isSurrogateKey>
<indexColumnUsage>
<colUsage columnID="C39E0EBE-ADF9-F599-8F78-1DF8B8F89AF1"/>
</indexColumnUsage>
</ind_PK_UK>
</indexes>
</Table>