<?xml version = '1.0' encoding = 'UTF-8'?>
<Table class="oracle.dbtools.crest.model.design.relational.Table" directorySegmentName="seg_0" id="6CD615F6-6E5B-563C-2FFD-B1F26264E494" name="Ucitel">
<createdBy>Tam1</createdBy>
<createdTime>2018-04-19 16:42:03 UTC</createdTime>
<generatorID>C8108B16-ADD9-E8A0-C51F-34E416128972</generatorID>
<ownerDesignName>new</ownerDesignName>
<allowColumnReorder>false</allowColumnReorder>
<existDependencyGenerateInDDl>true</existDependencyGenerateInDDl>
<parsed>true</parsed>
<columns itemClass="oracle.dbtools.crest.model.design.relational.Column">
<Column name="kouzelnicky_titul" id="4B9BD1BC-70B3-0C58-86AA-A5413D44B95A">
<createdBy>Tam1</createdBy>
<createdTime>2018-04-19 16:42:03 UTC</createdTime>
<generatorID>24B1B814-F2BF-D115-9283-8E812E1E715D</generatorID>
<ownerDesignName>new</ownerDesignName>
<useDomainConstraints>false</useDomainConstraints>
<use>1</use>
<logicalDatatype>LOGDT024</logicalDatatype>
<dataTypeSize>50 CHAR</dataTypeSize>
<ownDataTypeParameters>50 CHAR,,</ownDataTypeParameters>
<autoIncrementCycle>false</autoIncrementCycle>
</Column>
<Column name="Predmet_nazev" id="510B1894-9F5A-6902-F99F-F3433934F602">
<createdBy>Tam1</createdBy>
<createdTime>2018-04-19 16:42:03 UTC</createdTime>
<generatorID>2EBDA2A7-3C91-1A0C-0A39-A0A63622EE61</generatorID>
<ownerDesignName>new</ownerDesignName>
<useDomainConstraints>false</useDomainConstraints>
<use>1</use>
<logicalDatatype>LOGDT024</logicalDatatype>
<dataTypeSize>50 CHAR</dataTypeSize>
<ownDataTypeParameters>,,</ownDataTypeParameters>
<previousColumn>false</previousColumn>
<autoIncrementCycle>false</autoIncrementCycle>
<associations>
<colAssociation fkAssociation="4AE37F51-B5AB-CE2B-5348-555C9562054A" referredColumn="92741743-9F73-C557-A548-5BC31961A63C"/>
</associations>
</Column>
<Column name="Zamestnanec_id_zam" id="A61AE872-4F39-35D6-D7B1-8F3C03927BED">
<createdBy>Tam1</createdBy>
<createdTime>2018-04-19 16:42:03 UTC</createdTime>
<generatorID>D3F55FC9-FC7C-1F3F-A25C-55E8CCBDB643</generatorID>
<ownerDesignName>new</ownerDesignName>
<useDomainConstraints>false</useDomainConstraints>
<use>1</use>
<logicalDatatype>LOGDT019</logicalDatatype>
<ownDataTypeParameters>,,</ownDataTypeParameters>
<previousColumn>false</previousColumn>
<autoIncrementCycle>false</autoIncrementCycle>
<associations>
<colAssociation fkAssociation="54DC90F1-39E2-E7C9-EC8A-AC3D37EEE796" referredColumn="1ED52443-7EAD-D656-84B7-72EDCFA4F24B"/>
</associations>
</Column>
<Column name="zastupce_reditele" id="DB4F5AA2-8844-973E-11A2-4118616963E4">
<createdBy>Tam1</createdBy>
<createdTime>2018-04-19 16:42:03 UTC</createdTime>
<generatorID>91366856-E65A-BAF0-96CC-DF4BF615A0C5</generatorID>
<ownerDesignName>new</ownerDesignName>
<useDomainConstraints>false</useDomainConstraints>
<use>1</use>
<logicalDatatype>LOGDT006</logicalDatatype>
<dataTypeSize>1 BYTE</dataTypeSize>
<ownDataTypeParameters>1 BYTE,,</ownDataTypeParameters>
<autoIncrementCycle>false</autoIncrementCycle>
</Column>
</columns>
<indexes itemClass="oracle.dbtools.crest.model.design.relational.Index">
<ind_PK_UK id="B7DF2DFB-45EA-A45D-9C28-BDF2603C80B8" name="Ucitel_PK">
<createdBy>Tam1</createdBy>
<createdTime>2018-04-19 16:42:03 UTC</createdTime>
<generatorID>A0A9BF3E-610F-CD3E-F182-7116515BDE7B</generatorID>
<ownerDesignName>new</ownerDesignName>
<pk>true</pk>
<indexState>Primary Constraint</indexState>
<isSurrogateKey>false</isSurrogateKey>
<indexColumnUsage>
<colUsage columnID="A61AE872-4F39-35D6-D7B1-8F3C03927BED"/>
</indexColumnUsage>
</ind_PK_UK>
<ind_PK_UK id="89C97219-F13E-E46F-E08B-B10AAD1A8298" name="Ucitel__IDX">
<createdBy>Tam1</createdBy>
<createdTime>2018-04-19 16:42:03 UTC</createdTime>
<ownerDesignName>new</ownerDesignName>
<indexState>Unique Plain Index</indexState>
<isSurrogateKey>false</isSurrogateKey>
<relationGeneratorID>D17A6BEA-2B77-CDFF-9BFC-835039FFBCFB</relationGeneratorID>
<indexColumnUsage>
<colUsage columnID="510B1894-9F5A-6902-F99F-F3433934F602"/>
</indexColumnUsage>
</ind_PK_UK>
<ind_PK_UK id="A83D5F81-3963-A6F9-4079-0ED431B62612" name="Ucitel_Zamestnanec_FK">
<createdBy>Tam1</createdBy>
<createdTime>2018-04-19 16:42:03 UTC</createdTime>
<generatorID>112F694E-99B3-D57E-B084-EC91CFEF04B9</generatorID>
<ownerDesignName>new</ownerDesignName>
<indexState>Foreign Key</indexState>
<isSurrogateKey>false</isSurrogateKey>
<indexColumnUsage>
<colUsage columnID="A61AE872-4F39-35D6-D7B1-8F3C03927BED"/>
</indexColumnUsage>
</ind_PK_UK>
<ind_PK_UK id="73A1C119-D4C7-A58E-CF93-3C7951031B41" name="Ucitel_Predmet_FK">
<createdBy>Tam1</createdBy>
<createdTime>2018-04-19 16:42:03 UTC</createdTime>
<generatorID>D17A6BEA-2B77-CDFF-9BFC-835039FFBCFB</generatorID>
<ownerDesignName>new</ownerDesignName>
<indexState>Foreign Key</indexState>
<isSurrogateKey>false</isSurrogateKey>
<indexColumnUsage>
<colUsage columnID="510B1894-9F5A-6902-F99F-F3433934F602"/>
</indexColumnUsage>
</ind_PK_UK>
</indexes>
</Table>