<?xml version = '1.0' encoding = 'UTF-8'?>
<Table class="oracle.dbtools.crest.model.design.relational.Table" directorySegmentName="seg_0" id="718F2DE6-03EC-EC64-FF4E-1CE6A1B7F1B2" name="Kolej">
<createdBy>Tam1</createdBy>
<createdTime>2018-04-19 16:42:03 UTC</createdTime>
<generatorID>35E7C3C0-C178-351F-CBE4-383A0B678787</generatorID>
<ownerDesignName>new</ownerDesignName>
<allowColumnReorder>false</allowColumnReorder>
<existDependencyGenerateInDDl>true</existDependencyGenerateInDDl>
<parsed>true</parsed>
<columns itemClass="oracle.dbtools.crest.model.design.relational.Column">
<Column name="nazev_koleje" id="495C190D-E11F-84C2-867A-DFD942C61203">
<createdBy>Tam1</createdBy>
<createdTime>2018-04-19 16:42:03 UTC</createdTime>
<generatorID>8B192DA2-0F19-42DB-B362-85D72D85B8DF</generatorID>
<ownerDesignName>new</ownerDesignName>
<useDomainConstraints>false</useDomainConstraints>
<use>1</use>
<logicalDatatype>LOGDT024</logicalDatatype>
<dataTypeSize>20</dataTypeSize>
<ownDataTypeParameters>20,,</ownDataTypeParameters>
<autoIncrementCycle>false</autoIncrementCycle>
</Column>
<Column name="barva" id="E78D0CB2-31B5-3D63-E4EF-93ADFF4FD1BC">
<createdBy>Tam1</createdBy>
<createdTime>2018-04-19 16:42:03 UTC</createdTime>
<generatorID>C5422CBA-5267-CFAA-4426-E74E5111EC7D</generatorID>
<ownerDesignName>new</ownerDesignName>
<useDomainConstraints>false</useDomainConstraints>
<use>1</use>
<logicalDatatype>LOGDT024</logicalDatatype>
<dataTypeSize>20</dataTypeSize>
<ownDataTypeParameters>20,,</ownDataTypeParameters>
<autoIncrementCycle>false</autoIncrementCycle>
</Column>
<Column name="patron" id="381EA4BD-0751-508F-DBAB-492239D24BBD">
<createdBy>Tam1</createdBy>
<createdTime>2018-04-19 16:42:03 UTC</createdTime>
<generatorID>C0E25EE9-3D59-EC8B-FE8C-8871546B1A86</generatorID>
<ownerDesignName>new</ownerDesignName>
<useDomainConstraints>false</useDomainConstraints>
<use>1</use>
<logicalDatatype>LOGDT024</logicalDatatype>
<dataTypeSize>20</dataTypeSize>
<ownDataTypeParameters>20,,</ownDataTypeParameters>
<autoIncrementCycle>false</autoIncrementCycle>
</Column>
<Column name="zkratka_koleje" id="B8D06F10-4873-A1A7-5088-18A86AB7C080">
<createdBy>Tam1</createdBy>
<createdTime>2018-04-19 16:42:03 UTC</createdTime>
<generatorID>4140ED7E-F728-6A3A-8CB9-BC06CD78707C</generatorID>
<ownerDesignName>new</ownerDesignName>
<nullsAllowed>true</nullsAllowed>
<useDomainConstraints>false</useDomainConstraints>
<use>1</use>
<logicalDatatype>LOGDT024</logicalDatatype>
<dataTypeSize>10</dataTypeSize>
<ownDataTypeParameters>10,,</ownDataTypeParameters>
<autoIncrementCycle>false</autoIncrementCycle>
</Column>
<Column name="Ucitel_id_zam" id="2C58449D-A0B7-3743-3907-B672ED8FBA42">
<createdBy>Tam1</createdBy>
<createdTime>2018-04-19 16:42:03 UTC</createdTime>
<generatorID>F09FE5A9-625D-0D25-21CC-E20F82F57657</generatorID>
<ownerDesignName>new</ownerDesignName>
<useDomainConstraints>false</useDomainConstraints>
<use>1</use>
<logicalDatatype>LOGDT019</logicalDatatype>
<ownDataTypeParameters>,,</ownDataTypeParameters>
<previousColumn>false</previousColumn>
<autoIncrementCycle>false</autoIncrementCycle>
<associations>
<colAssociation fkAssociation="41CF97D3-D220-069D-AF33-1998AC197FCF" referredColumn="A61AE872-4F39-35D6-D7B1-8F3C03927BED"/>
</associations>
</Column>
</columns>
<indexes itemClass="oracle.dbtools.crest.model.design.relational.Index">
<ind_PK_UK id="6D652F65-4F27-BA77-E513-03A1086BD1F2" name="Kolej_PK">
<createdBy>Tam1</createdBy>
<createdTime>2018-04-19 16:42:03 UTC</createdTime>
<generatorID>35A7B0AD-F9F8-58EA-79D7-DEF7F503AD8D</generatorID>
<ownerDesignName>new</ownerDesignName>
<pk>true</pk>
<indexState>Primary Constraint</indexState>
<isSurrogateKey>false</isSurrogateKey>
<indexColumnUsage>
<colUsage columnID="495C190D-E11F-84C2-867A-DFD942C61203"/>
</indexColumnUsage>
</ind_PK_UK>
<ind_PK_UK id="D6B95A2C-692F-1745-A160-077662EDB9C3" name="Kolej__IDX">
<createdBy>Tam1</createdBy>
<createdTime>2018-04-19 16:42:03 UTC</createdTime>
<ownerDesignName>new</ownerDesignName>
<indexState>Unique Plain Index</indexState>
<isSurrogateKey>false</isSurrogateKey>
<relationGeneratorID>49C7089A-DC0D-1CE6-E92A-1A3CA2CC37E5</relationGeneratorID>
<indexColumnUsage>
<colUsage columnID="2C58449D-A0B7-3743-3907-B672ED8FBA42"/>
</indexColumnUsage>
</ind_PK_UK>
<ind_PK_UK id="2B71DD43-9D08-FC6D-A744-F2B305C2A0FA" name="Kolej_Ucitel_FK">
<createdBy>Tam1</createdBy>
<createdTime>2018-04-19 16:42:03 UTC</createdTime>
<generatorID>49C7089A-DC0D-1CE6-E92A-1A3CA2CC37E5</generatorID>
<ownerDesignName>new</ownerDesignName>
<indexState>Foreign Key</indexState>
<isSurrogateKey>false</isSurrogateKey>
<indexColumnUsage>
<colUsage columnID="2C58449D-A0B7-3743-3907-B672ED8FBA42"/>
</indexColumnUsage>
</ind_PK_UK>
</indexes>
</Table>