<?xml version = '1.0' encoding = 'UTF-8'?>
<Table class="oracle.dbtools.crest.model.design.relational.Table" directorySegmentName="seg_0" id="77697BB9-649E-9194-2E6E-50333709F0E7" name="predmet_v_rocniku">
<createdBy>Tam1</createdBy>
<createdTime>2018-04-19 16:42:03 UTC</createdTime>
<ownerDesignName>new</ownerDesignName>
<allowColumnReorder>false</allowColumnReorder>
<existDependencyGenerateInDDl>true</existDependencyGenerateInDDl>
<parsed>true</parsed>
<columns itemClass="oracle.dbtools.crest.model.design.relational.Column">
<Column name="Rocnik_id_rocnik" id="61342798-7FBA-5966-CCA0-963848492A90">
<createdBy>Tam1</createdBy>
<createdTime>2018-04-19 16:42:03 UTC</createdTime>
<ownerDesignName>new</ownerDesignName>
<useDomainConstraints>false</useDomainConstraints>
<use>1</use>
<logicalDatatype>LOGDT011</logicalDatatype>
<ownDataTypeParameters>,,</ownDataTypeParameters>
<previousColumn>false</previousColumn>
<autoIncrementCycle>false</autoIncrementCycle>
<associations>
<colAssociation fkAssociation="94A99FFB-D287-033F-DBA6-8ACA4B496A4F" referredColumn="9B580CDF-E7E7-3805-83BB-A9C9E9C61CA4"/>
</associations>
</Column>
<Column name="Povinny_nazev" id="7E86951D-F11F-EDCF-5F7C-11272EB7E2AB">
<createdBy>Tam1</createdBy>
<createdTime>2018-04-19 16:42:03 UTC</createdTime>
<ownerDesignName>new</ownerDesignName>
<useDomainConstraints>false</useDomainConstraints>
<use>1</use>
<logicalDatatype>LOGDT024</logicalDatatype>
<dataTypeSize>50 CHAR</dataTypeSize>
<ownDataTypeParameters>,,</ownDataTypeParameters>
<previousColumn>false</previousColumn>
<autoIncrementCycle>false</autoIncrementCycle>
<associations>
<colAssociation fkAssociation="5647AE31-F97C-277D-7166-6D6860CDF8A5" referredColumn="C3F0AAF4-18A9-1BBE-9D1E-6AE8B714DF72"/>
</associations>
</Column>
</columns>
<indexes itemClass="oracle.dbtools.crest.model.design.relational.Index">
<ind_PK_UK id="866E2941-C48F-8253-485E-4A63C4482C52" name="predmet_v_rocniku_PK">
<createdBy>Tam1</createdBy>
<createdTime>2018-04-19 16:42:03 UTC</createdTime>
<ownerDesignName>new</ownerDesignName>
<pk>true</pk>
<indexState>Primary Constraint</indexState>
<isSurrogateKey>false</isSurrogateKey>
<indexColumnUsage>
<colUsage columnID="61342798-7FBA-5966-CCA0-963848492A90"/>
<colUsage columnID="7E86951D-F11F-EDCF-5F7C-11272EB7E2AB"/>
</indexColumnUsage>
</ind_PK_UK>
<ind_PK_UK id="258AC29D-DC6C-5A3D-8502-8271B4566EA6" name="predmet_v_rocniku_Rocnik_FK">
<createdBy>Tam1</createdBy>
<createdTime>2018-04-19 16:42:03 UTC</createdTime>
<generatorID>D4004BFC-8AD5-5975-9BB4-E83086FAD1A8</generatorID>
<ownerDesignName>new</ownerDesignName>
<indexState>Foreign Key</indexState>
<isSurrogateKey>false</isSurrogateKey>
<indexColumnUsage>
<colUsage columnID="61342798-7FBA-5966-CCA0-963848492A90"/>
</indexColumnUsage>
</ind_PK_UK>
<ind_PK_UK id="3B5078FE-924E-09F2-0A71-2815D006B5D1" name="predmet_v_rocniku_Povinny_FK">
<createdBy>Tam1</createdBy>
<createdTime>2018-04-19 16:42:03 UTC</createdTime>
<generatorID>D4004BFC-8AD5-5975-9BB4-E83086FAD1A8</generatorID>
<ownerDesignName>new</ownerDesignName>
<indexState>Foreign Key</indexState>
<isSurrogateKey>false</isSurrogateKey>
<indexColumnUsage>
<colUsage columnID="7E86951D-F11F-EDCF-5F7C-11272EB7E2AB"/>
</indexColumnUsage>
</ind_PK_UK>
</indexes>
</Table>