<?xml version = '1.0' encoding = 'UTF-8'?>
<Table class="oracle.dbtools.crest.model.design.relational.Table" directorySegmentName="seg_0" id="D18FBCCC-6CEF-6B32-0FBB-111E84F30FB8" name="Predmet">
<createdBy>Tam1</createdBy>
<createdTime>2018-04-19 16:42:03 UTC</createdTime>
<generatorID>B5C49E26-9A62-E1E0-8D89-4B241BF79E3A</generatorID>
<ownerDesignName>new</ownerDesignName>
<allowColumnReorder>false</allowColumnReorder>
<existDependencyGenerateInDDl>true</existDependencyGenerateInDDl>
<parsed>true</parsed>
<columns itemClass="oracle.dbtools.crest.model.design.relational.Column">
<Column name="nazev" id="92741743-9F73-C557-A548-5BC31961A63C">
<createdBy>Tam1</createdBy>
<createdTime>2018-04-19 16:42:03 UTC</createdTime>
<generatorID>09C2D7CD-0591-A48F-0B99-1FA44167C425</generatorID>
<ownerDesignName>new</ownerDesignName>
<useDomainConstraints>false</useDomainConstraints>
<use>1</use>
<logicalDatatype>LOGDT024</logicalDatatype>
<dataTypeSize>50 CHAR</dataTypeSize>
<ownDataTypeParameters>50 CHAR,,</ownDataTypeParameters>
<autoIncrementCycle>false</autoIncrementCycle>
</Column>
<Column name="Ucitel_Zamestnanec_id_zam" id="69684AD2-1618-2E8A-8B54-3FEA81B6754F">
<createdBy>Tam1</createdBy>
<createdTime>2018-04-19 16:42:03 UTC</createdTime>
<generatorID>DC70D82D-8C88-2746-8F62-5BF2F1B94552</generatorID>
<ownerDesignName>new</ownerDesignName>
<useDomainConstraints>false</useDomainConstraints>
<use>1</use>
<logicalDatatype>LOGDT019</logicalDatatype>
<ownDataTypeParameters>,,</ownDataTypeParameters>
<previousColumn>false</previousColumn>
<autoIncrementCycle>false</autoIncrementCycle>
<associations>
<colAssociation fkAssociation="8F085410-3362-AC4B-7F6F-923FC476EB83" referredColumn="A61AE872-4F39-35D6-D7B1-8F3C03927BED"/>
</associations>
</Column>
<Column name="Predmet_TYPE" id="DF0056E0-1415-EF46-F247-5A15B1E23414">
<createdBy>Tam1</createdBy>
<createdTime>2018-04-19 16:42:03 UTC</createdTime>
<ownerDesignName>new</ownerDesignName>
<constraintName>CH_INH_Predmet</constraintName>
<useDomainConstraints>false</useDomainConstraints>
<use>1</use>
<logicalDatatype>LOGDT024</logicalDatatype>
<dataTypeSize>17</dataTypeSize>
<listOfValues>
<valueDef value="Povinne_volitelny" description="entity Povinne_volitelny"/>
<valueDef value="Povinny" description="entity Povinny"/>
<valueDef value="Predmet" description="entity Predmet"/>
</listOfValues>
<ownDataTypeParameters>17,,</ownDataTypeParameters>
<autoIncrementCycle>false</autoIncrementCycle>
<isDiscriminatorColumn>true</isDiscriminatorColumn>
</Column>
</columns>
<indexes itemClass="oracle.dbtools.crest.model.design.relational.Index">
<ind_PK_UK id="1E694E61-9D8D-FD20-FD09-FA5376884732" name="Predmet_PK">
<createdBy>Tam1</createdBy>
<createdTime>2018-04-19 16:42:03 UTC</createdTime>
<generatorID>3EF30935-8E0B-AFDF-8CC7-EAF1B460F18B</generatorID>
<ownerDesignName>new</ownerDesignName>
<pk>true</pk>
<indexState>Primary Constraint</indexState>
<isSurrogateKey>false</isSurrogateKey>
<indexColumnUsage>
<colUsage columnID="92741743-9F73-C557-A548-5BC31961A63C"/>
</indexColumnUsage>
</ind_PK_UK>
<ind_PK_UK id="C4C683D2-DC43-9B4D-ADD7-6FB951787D38" name="Predmet__IDX">
<createdBy>Tam1</createdBy>
<createdTime>2018-04-19 16:42:03 UTC</createdTime>
<ownerDesignName>new</ownerDesignName>
<indexState>Unique Plain Index</indexState>
<isSurrogateKey>false</isSurrogateKey>
<relationGeneratorID>D17A6BEA-2B77-CDFF-9BFC-835039FFBCFB</relationGeneratorID>
<indexColumnUsage>
<colUsage columnID="69684AD2-1618-2E8A-8B54-3FEA81B6754F"/>
</indexColumnUsage>
</ind_PK_UK>
<ind_PK_UK id="EFB0D6D3-293B-BCC1-D245-44D9D3D9D067" name="Predmet_Ucitel_FK">
<createdBy>Tam1</createdBy>
<createdTime>2018-04-19 16:42:03 UTC</createdTime>
<generatorID>D17A6BEA-2B77-CDFF-9BFC-835039FFBCFB</generatorID>
<ownerDesignName>new</ownerDesignName>
<indexState>Foreign Key</indexState>
<isSurrogateKey>false</isSurrogateKey>
<indexColumnUsage>
<colUsage columnID="69684AD2-1618-2E8A-8B54-3FEA81B6754F"/>
</indexColumnUsage>
</ind_PK_UK>
</indexes>
</Table>