<?xml version = '1.0' encoding = 'UTF-8'?>
<Table class="oracle.dbtools.crest.model.design.relational.Table" directorySegmentName="seg_0" id="E7D0451A-C08E-4280-F8B7-8E571E7BBAFE" name="Povinny">
<createdBy>Tam1</createdBy>
<createdTime>2018-04-19 16:42:03 UTC</createdTime>
<generatorID>A27B5FE8-A8DF-7C8C-0C47-47A9CC664605</generatorID>
<ownerDesignName>new</ownerDesignName>
<allowColumnReorder>false</allowColumnReorder>
<existDependencyGenerateInDDl>true</existDependencyGenerateInDDl>
<parsed>true</parsed>
<columns itemClass="oracle.dbtools.crest.model.design.relational.Column">
<Column name="nazev" id="C3F0AAF4-18A9-1BBE-9D1E-6AE8B714DF72">
<createdBy>Tam1</createdBy>
<createdTime>2018-04-19 16:42:03 UTC</createdTime>
<generatorID>09C2D7CD-0591-A48F-0B99-1FA44167C425</generatorID>
<ownerDesignName>new</ownerDesignName>
<useDomainConstraints>false</useDomainConstraints>
<use>1</use>
<logicalDatatype>LOGDT024</logicalDatatype>
<dataTypeSize>50 CHAR</dataTypeSize>
<ownDataTypeParameters>,,</ownDataTypeParameters>
<autoIncrementCycle>false</autoIncrementCycle>
<associations>
<colAssociation fkAssociation="6AB4DE5B-09EF-BDF5-E645-51DFA9B82F20" referredColumn="92741743-9F73-C557-A548-5BC31961A63C"/>
</associations>
</Column>
<Column name="pruchodnost" id="27E73921-7C40-229E-68CF-5C5986B2F72E">
<createdBy>Tam1</createdBy>
<createdTime>2018-04-19 16:42:03 UTC</createdTime>
<generatorID>453CB911-B079-9D6E-E8F5-36B56F693935</generatorID>
<ownerDesignName>new</ownerDesignName>
<useDomainConstraints>false</useDomainConstraints>
<use>1</use>
<logicalDatatype>LOGDT011</logicalDatatype>
<ownDataTypeParameters>,,</ownDataTypeParameters>
<autoIncrementCycle>false</autoIncrementCycle>
</Column>
<Column name="Povinny_TYPE" id="1C37E5A8-F83B-93FE-D1BF-CAE192DD5FD4">
<createdBy>Tam1</createdBy>
<createdTime>2018-04-19 16:42:03 UTC</createdTime>
<ownerDesignName>new</ownerDesignName>
<constraintName>CH_INH_Povinny</constraintName>
<useDomainConstraints>false</useDomainConstraints>
<use>1</use>
<logicalDatatype>LOGDT024</logicalDatatype>
<dataTypeSize>7</dataTypeSize>
<listOfValues>
<valueDef value="Povinny" description="entity Povinny"/>
</listOfValues>
<ownDataTypeParameters>7,,</ownDataTypeParameters>
<autoIncrementCycle>false</autoIncrementCycle>
<isDiscriminatorColumn>true</isDiscriminatorColumn>
</Column>
</columns>
<indexes itemClass="oracle.dbtools.crest.model.design.relational.Index">
<ind_PK_UK id="A93BF337-1EEB-50CD-ECA1-20F2DE0AA2D1" name="Povinny_PK">
<createdBy>Tam1</createdBy>
<createdTime>2018-04-19 16:42:03 UTC</createdTime>
<generatorID>3EF30935-8E0B-AFDF-8CC7-EAF1B460F18B</generatorID>
<ownerDesignName>new</ownerDesignName>
<pk>true</pk>
<indexState>Primary Constraint</indexState>
<isSurrogateKey>false</isSurrogateKey>
<indexColumnUsage>
<colUsage columnID="C3F0AAF4-18A9-1BBE-9D1E-6AE8B714DF72"/>
</indexColumnUsage>
</ind_PK_UK>
<ind_PK_UK id="8F5E5E75-21FE-FF69-3AFB-7D68241B8B46" name="Povinny_Predmet_FK">
<createdBy>Tam1</createdBy>
<createdTime>2018-04-19 16:42:03 UTC</createdTime>
<generatorID>4E64C19F-0075-1343-47A8-BDE3F85F3254</generatorID>
<ownerDesignName>new</ownerDesignName>
<indexState>Foreign Key</indexState>
<isSurrogateKey>false</isSurrogateKey>
<indexColumnUsage>
<colUsage columnID="C3F0AAF4-18A9-1BBE-9D1E-6AE8B714DF72"/>
</indexColumnUsage>
</ind_PK_UK>
</indexes>
</Table>