<?xml version = '1.0' encoding = 'UTF-8'?>
<Table class="oracle.dbtools.crest.model.design.relational.Table" directorySegmentName="seg_0" id="FD26F8DA-0EAA-F4AB-128E-B3382700128C" name="Zamestnanec">
<createdBy>Tam1</createdBy>
<createdTime>2018-04-19 16:42:03 UTC</createdTime>
<generatorID>E90615ED-FBD0-58AD-2705-1ABDEACAA960</generatorID>
<ownerDesignName>new</ownerDesignName>
<allowColumnReorder>false</allowColumnReorder>
<existDependencyGenerateInDDl>true</existDependencyGenerateInDDl>
<parsed>true</parsed>
<columns itemClass="oracle.dbtools.crest.model.design.relational.Column">
<Column name="id_zam" id="1ED52443-7EAD-D656-84B7-72EDCFA4F24B">
<createdBy>Tam1</createdBy>
<createdTime>2018-04-19 16:42:03 UTC</createdTime>
<generatorID>166ED67B-706A-C3E3-C6D6-5533257A938D</generatorID>
<ownerDesignName>new</ownerDesignName>
<useDomainConstraints>false</useDomainConstraints>
<use>1</use>
<logicalDatatype>LOGDT019</logicalDatatype>
<ownDataTypeParameters>,,</ownDataTypeParameters>
<autoIncrementColumn>true</autoIncrementColumn>
<autoIncrementCycle>false</autoIncrementCycle>
</Column>
<Column name="jmeno" id="8ADF4FBD-B44F-681B-3A8F-9EEF04799874">
<createdBy>Tam1</createdBy>
<createdTime>2018-04-19 16:42:03 UTC</createdTime>
<generatorID>ED355FA8-35F1-9C14-F29F-750DFE1D449F</generatorID>
<ownerDesignName>new</ownerDesignName>
<useDomainConstraints>false</useDomainConstraints>
<use>1</use>
<logicalDatatype>LOGDT024</logicalDatatype>
<dataTypeSize>20 CHAR</dataTypeSize>
<ownDataTypeParameters>20 CHAR,,</ownDataTypeParameters>
<autoIncrementCycle>false</autoIncrementCycle>
</Column>
<Column name="prijmeni" id="D23882BD-C58F-5231-4C3E-FF34B09C5959">
<createdBy>Tam1</createdBy>
<createdTime>2018-04-19 16:42:03 UTC</createdTime>
<generatorID>36C066DB-86CE-C93D-5F38-C02965331793</generatorID>
<ownerDesignName>new</ownerDesignName>
<useDomainConstraints>false</useDomainConstraints>
<use>1</use>
<logicalDatatype>LOGDT024</logicalDatatype>
<dataTypeSize>20 CHAR</dataTypeSize>
<ownDataTypeParameters>20 CHAR,,</ownDataTypeParameters>
<autoIncrementCycle>false</autoIncrementCycle>
</Column>
<Column name="rok_narozeni" id="E9F636F7-E4A1-2AE6-1F76-376BA49230EA">
<createdBy>Tam1</createdBy>
<createdTime>2018-04-19 16:42:03 UTC</createdTime>
<generatorID>4D31BAFA-B76C-688A-1FE5-862560821E98</generatorID>
<ownerDesignName>new</ownerDesignName>
<useDomainConstraints>false</useDomainConstraints>
<use>1</use>
<logicalDatatype>LOGDT011</logicalDatatype>
<ownDataTypeParameters>,,</ownDataTypeParameters>
<autoIncrementCycle>false</autoIncrementCycle>
</Column>
<Column name="vyse_platu" id="B1689A47-AB1C-503D-0A69-BE2EF8B0EAE3">
<createdBy>Tam1</createdBy>
<createdTime>2018-04-19 16:42:03 UTC</createdTime>
<generatorID>B3B6BF09-171D-7B17-6799-C642085C0DA7</generatorID>
<ownerDesignName>new</ownerDesignName>
<nullsAllowed>true</nullsAllowed>
<useDomainConstraints>false</useDomainConstraints>
<use>1</use>
<logicalDatatype>LOGDT019</logicalDatatype>
<ownDataTypeParameters>,,</ownDataTypeParameters>
<autoIncrementCycle>false</autoIncrementCycle>
</Column>
<Column name="Adresa_adresa_key" id="71FFB70C-A3A1-8F12-7DFA-92A2CB90C864">
<createdBy>Tam1</createdBy>
<createdTime>2018-04-19 16:42:03 UTC</createdTime>
<generatorID>659D0BA2-0D21-B1F7-201B-E639F7B9745F</generatorID>
<ownerDesignName>new</ownerDesignName>
<useDomainConstraints>false</useDomainConstraints>
<use>1</use>
<logicalDatatype>LOGDT011</logicalDatatype>
<ownDataTypeParameters>,,</ownDataTypeParameters>
<previousColumn>false</previousColumn>
<autoIncrementCycle>false</autoIncrementCycle>
<associations>
<colAssociation fkAssociation="D104E004-C428-1D08-5FCB-5CD580C75DAB" referredColumn="F86AEC26-0035-15CE-4458-5E1D2E055864"/>
</associations>
</Column>
<Column name="typ" id="CF6A8D77-0088-E026-2A6C-0B7817AEFDA0">
<createdBy>Tam1</createdBy>
<createdTime>2018-04-19 16:42:03 UTC</createdTime>
<generatorID>5B521DC9-DE18-3F45-3F84-E530AC91E7DC</generatorID>
<ownerDesignName>new</ownerDesignName>
<useDomainConstraints>false</useDomainConstraints>
<use>1</use>
<logicalDatatype>LOGDT011</logicalDatatype>
<ownDataTypeParameters>,,</ownDataTypeParameters>
<autoIncrementCycle>false</autoIncrementCycle>
</Column>
</columns>
<indexes itemClass="oracle.dbtools.crest.model.design.relational.Index">
<ind_PK_UK id="D7340BCB-FD11-3F46-BBE1-7DA887D6161E" name="Zamestnanec_PK">
<createdBy>Tam1</createdBy>
<createdTime>2018-04-19 16:42:03 UTC</createdTime>
<generatorID>DABC2767-8F27-8C26-823E-E211B60F53FE</generatorID>
<ownerDesignName>new</ownerDesignName>
<pk>true</pk>
<indexState>Primary Constraint</indexState>
<isSurrogateKey>false</isSurrogateKey>
<indexColumnUsage>
<colUsage columnID="1ED52443-7EAD-D656-84B7-72EDCFA4F24B"/>
</indexColumnUsage>
</ind_PK_UK>
<ind_PK_UK id="A5747C45-C6D6-5711-D523-08FF4C0C2398" name="Zamestnanec_Adresa_FK">
<createdBy>Tam1</createdBy>
<createdTime>2018-04-19 16:42:03 UTC</createdTime>
<generatorID>3A6002E7-EAE4-AD55-ACA0-9863423D9D75</generatorID>
<ownerDesignName>new</ownerDesignName>
<indexState>Foreign Key</indexState>
<isSurrogateKey>false</isSurrogateKey>
<indexColumnUsage>
<colUsage columnID="71FFB70C-A3A1-8F12-7DFA-92A2CB90C864"/>
</indexColumnUsage>
</ind_PK_UK>
</indexes>
</Table>