<?xml version = '1.0' encoding = 'UTF-8'?>
<Entity class="oracle.dbtools.crest.model.design.logical.Entity" directorySegmentName="seg_0" id="35E7C3C0-C178-351F-CBE4-383A0B678787" name="Kolej">
<createdBy>Tam1</createdBy>
<createdTime>2018-04-15 13:46:15 UTC</createdTime>
<ownerDesignName>new</ownerDesignName>
<engineerTo>
<item key="72DDED64-D5B3-D363-5464-4449B4BB7DBD" value="true"/>
</engineerTo>
<adequatelyNormalized>NO</adequatelyNormalized>
<expectedVolumes>0</expectedVolumes>
<fwdEngineeringStrategyName>Single Table</fwdEngineeringStrategyName>
<growthPercent>0</growthPercent>
<growthType>Year</growthType>
<maxVolumes>9999999</maxVolumes>
<minVolumes>0</minVolumes>
<normalForm>Third</normalForm>
<attributes itemClass="oracle.dbtools.crest.model.design.logical.Attribute">
<Attribute name="nazev_koleje" id="8B192DA2-0F19-42DB-B362-85D72D85B8DF">
<createdBy>Tam1</createdBy>
<createdTime>2018-04-15 13:46:26 UTC</createdTime>
<ownerDesignName>new</ownerDesignName>
<engineerTo>
<item key="72DDED64-D5B3-D363-5464-4449B4BB7DBD" value="true"/>
</engineerTo>
<useDomainConstraints>false</useDomainConstraints>
<use>1</use>
<logicalDatatype>LOGDT024</logicalDatatype>
<dataTypeSize>20</dataTypeSize>
<ownDataTypeParameters>20,,</ownDataTypeParameters>
</Attribute>
<Attribute name="barva" id="C5422CBA-5267-CFAA-4426-E74E5111EC7D">
<createdBy>Tam1</createdBy>
<createdTime>2018-04-15 13:46:37 UTC</createdTime>
<ownerDesignName>new</ownerDesignName>
<engineerTo>
<item key="72DDED64-D5B3-D363-5464-4449B4BB7DBD" value="true"/>
</engineerTo>
<useDomainConstraints>false</useDomainConstraints>
<use>1</use>
<logicalDatatype>LOGDT024</logicalDatatype>
<dataTypeSize>20</dataTypeSize>
<ownDataTypeParameters>20,,</ownDataTypeParameters>
</Attribute>
<Attribute name="patron" id="C0E25EE9-3D59-EC8B-FE8C-8871546B1A86">
<createdBy>Tam1</createdBy>
<createdTime>2018-04-15 13:46:46 UTC</createdTime>
<ownerDesignName>new</ownerDesignName>
<engineerTo>
<item key="72DDED64-D5B3-D363-5464-4449B4BB7DBD" value="true"/>
</engineerTo>
<useDomainConstraints>false</useDomainConstraints>
<use>1</use>
<logicalDatatype>LOGDT024</logicalDatatype>
<dataTypeSize>20</dataTypeSize>
<ownDataTypeParameters>20,,</ownDataTypeParameters>
</Attribute>
<Attribute name="zkratka_koleje" id="4140ED7E-F728-6A3A-8CB9-BC06CD78707C">
<createdBy>Tam1</createdBy>
<createdTime>2018-04-15 13:46:54 UTC</createdTime>
<ownerDesignName>new</ownerDesignName>
<engineerTo>
<item key="72DDED64-D5B3-D363-5464-4449B4BB7DBD" value="true"/>
</engineerTo>
<nullsAllowed>true</nullsAllowed>
<useDomainConstraints>false</useDomainConstraints>
<use>1</use>
<logicalDatatype>LOGDT024</logicalDatatype>
<dataTypeSize>10</dataTypeSize>
<ownDataTypeParameters>10,,</ownDataTypeParameters>
</Attribute>
<Attribute name="id_zam" id="F09FE5A9-625D-0D25-21CC-E20F82F57657">
<createdBy>Tam1</createdBy>
<createdTime>2018-04-15 13:48:26 UTC</createdTime>
<generatorID>49C7089A-DC0D-1CE6-E92A-1A3CA2CC37E5</generatorID>
<ownerDesignName>new</ownerDesignName>
<engineerTo>
<item key="72DDED64-D5B3-D363-5464-4449B4BB7DBD" value="true"/>
</engineerTo>
<referedAttribute>D3F55FC9-FC7C-1F3F-A25C-55E8CCBDB643</referedAttribute>
<useDomainConstraints>false</useDomainConstraints>
<use>1</use>
<logicalDatatype>LOGDT019</logicalDatatype>
<ownDataTypeParameters>,,</ownDataTypeParameters>
</Attribute>
</attributes>
<identifiers itemClass="oracle.dbtools.crest.model.design.logical.CandidateKey">
<identifier id="35A7B0AD-F9F8-58EA-79D7-DEF7F503AD8D" name="Kolej1 PK">
<createdBy>Tam1</createdBy>
<createdTime>2018-04-15 13:46:34 UTC</createdTime>
<ownerDesignName>new</ownerDesignName>
<engineerTo>
<item key="72DDED64-D5B3-D363-5464-4449B4BB7DBD" value="true"/>
</engineerTo>
<pk>true</pk>
<usedAttributes>
<attributeRef>8B192DA2-0F19-42DB-B362-85D72D85B8DF</attributeRef>
</usedAttributes>
</identifier>
</identifiers>
</Entity>