<?xml version = '1.0' encoding = 'UTF-8'?>
<Entity class="oracle.dbtools.crest.model.design.logical.Entity" directorySegmentName="seg_0" id="484A2861-D33A-3B93-5C57-71D4F94D9F1F" name="Prefekt">
<createdBy>Tam1</createdBy>
<createdTime>2018-03-14 13:36:41 UTC</createdTime>
<ownerDesignName>new</ownerDesignName>
<engineerTo>
<item key="CA300976-B672-EECB-B156-C09CCC4A494B" value="true"/>
</engineerTo>
<adequatelyNormalized>NO</adequatelyNormalized>
<expectedVolumes>0</expectedVolumes>
<fwdEngineeringStrategyName>Single Table</fwdEngineeringStrategyName>
<growthPercent>0</growthPercent>
<growthType>Year</growthType>
<maxVolumes>9999999</maxVolumes>
<minVolumes>0</minVolumes>
<normalForm>Third</normalForm>
<attributes itemClass="oracle.dbtools.crest.model.design.logical.Attribute">
<Attribute name="prumer_znamek" id="D95ABE99-5903-B724-7009-1C19A0C7AD40">
<createdBy>Tam1</createdBy>
<createdTime>2018-03-14 13:36:48 UTC</createdTime>
<ownerDesignName>new</ownerDesignName>
<engineerTo>
<item key="CA300976-B672-EECB-B156-C09CCC4A494B" value="true"/>
</engineerTo>
<nullsAllowed>true</nullsAllowed>
<useDomainConstraints>false</useDomainConstraints>
<use>1</use>
<logicalDatatype>LOGDT019</logicalDatatype>
<ownDataTypeParameters>,,</ownDataTypeParameters>
</Attribute>
<Attribute name="id_student" id="68A82AF6-9013-07C8-BF7E-54F4F9BB87F1">
<createdBy>Tam1</createdBy>
<createdTime>2018-03-15 18:15:26 UTC</createdTime>
<generatorID>2CD22430-157A-053A-BF8F-5EA4C7E217E6</generatorID>
<ownerDesignName>new</ownerDesignName>
<engineerTo>
<item key="CA300976-B672-EECB-B156-C09CCC4A494B" value="true"/>
</engineerTo>
<referedAttribute>AB0FD6BC-D181-6FD7-3F38-10BAA9C830EF</referedAttribute>
<useDomainConstraints>false</useDomainConstraints>
<use>1</use>
<logicalDatatype>LOGDT011</logicalDatatype>
<ownDataTypeParameters>,,</ownDataTypeParameters>
</Attribute>
</attributes>
<identifiers itemClass="oracle.dbtools.crest.model.design.logical.CandidateKey">
<identifier id="C3652165-E446-99C6-7EC8-9829046E8FC3" name="Prefekt PK">
<createdBy>Tam1</createdBy>
<createdTime>2018-03-15 18:15:26 UTC</createdTime>
<ownerDesignName>new</ownerDesignName>
<engineerTo>
<item key="CA300976-B672-EECB-B156-C09CCC4A494B" value="true"/>
</engineerTo>
<pk>true</pk>
<usedAttributes>
<attributeRef>68A82AF6-9013-07C8-BF7E-54F4F9BB87F1</attributeRef>
</usedAttributes>
</identifier>
</identifiers>
</Entity>