<?xml version = '1.0' encoding = 'UTF-8'?>
<Entity class="oracle.dbtools.crest.model.design.logical.Entity" directorySegmentName="seg_0" id="60DB2AA7-E5E2-B7ED-A550-91A9D27269D0" name="Hrac">
<createdBy>Tam1</createdBy>
<createdTime>2018-03-14 13:31:17 UTC</createdTime>
<ownerDesignName>new</ownerDesignName>
<engineerTo>
<item key="CA300976-B672-EECB-B156-C09CCC4A494B" value="true"/>
</engineerTo>
<adequatelyNormalized>NO</adequatelyNormalized>
<expectedVolumes>0</expectedVolumes>
<fwdEngineeringStrategyName>Single Table</fwdEngineeringStrategyName>
<growthPercent>0</growthPercent>
<growthType>Year</growthType>
<maxVolumes>9999999</maxVolumes>
<minVolumes>0</minVolumes>
<normalForm>Third</normalForm>
<attributes itemClass="oracle.dbtools.crest.model.design.logical.Attribute">
<Attribute name="cislo" id="16D73E34-5A87-7BF8-0207-2E570644213B">
<createdBy>Tam1</createdBy>
<createdTime>2018-03-14 13:31:22 UTC</createdTime>
<ownerDesignName>new</ownerDesignName>
<engineerTo>
<item key="CA300976-B672-EECB-B156-C09CCC4A494B" value="true"/>
</engineerTo>
<useDomainConstraints>false</useDomainConstraints>
<use>1</use>
<logicalDatatype>LOGDT011</logicalDatatype>
<ownDataTypeParameters>,,</ownDataTypeParameters>
</Attribute>
<Attribute name="pozice" id="62986FEE-1E81-1251-564C-0B35B46F24B0">
<createdBy>Tam1</createdBy>
<createdTime>2018-03-14 13:32:10 UTC</createdTime>
<ownerDesignName>new</ownerDesignName>
<engineerTo>
<item key="CA300976-B672-EECB-B156-C09CCC4A494B" value="true"/>
</engineerTo>
<useDomainConstraints>false</useDomainConstraints>
<use>1</use>
<logicalDatatype>LOGDT024</logicalDatatype>
<dataTypeSize>15 CHAR</dataTypeSize>
<ownDataTypeParameters>15 CHAR,,</ownDataTypeParameters>
</Attribute>
<Attribute name="koste" id="0792E375-B5AE-1C13-6415-E722F08CAADA">
<createdBy>Tam1</createdBy>
<createdTime>2018-03-14 13:31:32 UTC</createdTime>
<ownerDesignName>new</ownerDesignName>
<engineerTo>
<item key="CA300976-B672-EECB-B156-C09CCC4A494B" value="true"/>
</engineerTo>
<nullsAllowed>true</nullsAllowed>
<useDomainConstraints>false</useDomainConstraints>
<use>1</use>
<logicalDatatype>LOGDT024</logicalDatatype>
<dataTypeSize>15 CHAR</dataTypeSize>
<ownDataTypeParameters>15 CHAR,,</ownDataTypeParameters>
</Attribute>
<Attribute name="id_student" id="78933288-612F-E206-4054-51FA21525AF3">
<createdBy>Tam1</createdBy>
<createdTime>2018-03-15 18:14:58 UTC</createdTime>
<generatorID>CAEECD56-ABDA-2BC1-5F53-5F3274E6B93C</generatorID>
<ownerDesignName>new</ownerDesignName>
<engineerTo>
<item key="CA300976-B672-EECB-B156-C09CCC4A494B" value="true"/>
</engineerTo>
<referedAttribute>AB0FD6BC-D181-6FD7-3F38-10BAA9C830EF</referedAttribute>
<useDomainConstraints>false</useDomainConstraints>
<use>1</use>
<logicalDatatype>LOGDT011</logicalDatatype>
<ownDataTypeParameters>,,</ownDataTypeParameters>
</Attribute>
<Attribute name="nazev_koleje" id="CA169DDC-CE85-6E64-6D97-8F59EC924B3E">
<createdBy>Tam1</createdBy>
<createdTime>2018-04-15 13:59:42 UTC</createdTime>
<generatorID>CC9FFE69-6F80-DB1C-462A-DA78DF3106DD</generatorID>
<ownerDesignName>new</ownerDesignName>
<engineerTo>
<item key="CA300976-B672-EECB-B156-C09CCC4A494B" value="true"/>
</engineerTo>
<referedAttribute>444F4366-8203-523F-7C15-92EA85C56E7C</referedAttribute>
<useDomainConstraints>false</useDomainConstraints>
<use>1</use>
<logicalDatatype>LOGDT024</logicalDatatype>
<dataTypeSize>15</dataTypeSize>
<ownDataTypeParameters>15,,</ownDataTypeParameters>
</Attribute>
</attributes>
<identifiers itemClass="oracle.dbtools.crest.model.design.logical.CandidateKey">
<identifier id="DEB824B9-C2E2-B3D9-B5C9-8EEC9A199BDE" name="Hrac PK">
<createdBy>Tam1</createdBy>
<createdTime>2018-03-14 13:58:22 UTC</createdTime>
<ownerDesignName>new</ownerDesignName>
<engineerTo>
<item key="CA300976-B672-EECB-B156-C09CCC4A494B" value="true"/>
</engineerTo>
<pk>true</pk>
<usedAttributes>
<attributeRef>78933288-612F-E206-4054-51FA21525AF3</attributeRef>
</usedAttributes>
</identifier>
</identifiers>
</Entity>