<?xml version = '1.0' encoding = 'UTF-8'?>
<Entity class="oracle.dbtools.crest.model.design.logical.Entity" directorySegmentName="seg_0" id="63CB5728-F114-83D4-045C-2024D03D1877" name="Student">
<createdBy>Tam1</createdBy>
<createdTime>2018-03-14 13:32:56 UTC</createdTime>
<ownerDesignName>new</ownerDesignName>
<engineerTo>
<item key="CA300976-B672-EECB-B156-C09CCC4A494B" value="true"/>
</engineerTo>
<adequatelyNormalized>NO</adequatelyNormalized>
<expectedVolumes>0</expectedVolumes>
<fwdEngineeringStrategyName>Single Table</fwdEngineeringStrategyName>
<growthPercent>0</growthPercent>
<growthType>Year</growthType>
<maxVolumes>9999999</maxVolumes>
<minVolumes>0</minVolumes>
<normalForm>Third</normalForm>
<attributes itemClass="oracle.dbtools.crest.model.design.logical.Attribute">
<Attribute name="id_student" id="AB0FD6BC-D181-6FD7-3F38-10BAA9C830EF">
<createdBy>Tam1</createdBy>
<createdTime>2018-03-14 13:33:04 UTC</createdTime>
<ownerDesignName>new</ownerDesignName>
<engineerTo>
<item key="CA300976-B672-EECB-B156-C09CCC4A494B" value="true"/>
</engineerTo>
<useDomainConstraints>false</useDomainConstraints>
<use>1</use>
<logicalDatatype>LOGDT011</logicalDatatype>
<ownDataTypeParameters>,,</ownDataTypeParameters>
</Attribute>
<Attribute name="jmeno" id="6C6CFDE8-F335-9D4C-9FCB-5B850398F217">
<createdBy>Tam1</createdBy>
<createdTime>2018-03-14 13:33:21 UTC</createdTime>
<ownerDesignName>new</ownerDesignName>
<engineerTo>
<item key="CA300976-B672-EECB-B156-C09CCC4A494B" value="true"/>
</engineerTo>
<useDomainConstraints>false</useDomainConstraints>
<use>1</use>
<logicalDatatype>LOGDT024</logicalDatatype>
<dataTypeSize>20 CHAR</dataTypeSize>
<ownDataTypeParameters>20 CHAR,,</ownDataTypeParameters>
</Attribute>
<Attribute name="prijmeni" id="402B0CFC-18F1-B1C0-F36F-BFE43B629BD0">
<createdBy>Tam1</createdBy>
<createdTime>2018-03-14 13:33:45 UTC</createdTime>
<ownerDesignName>new</ownerDesignName>
<engineerTo>
<item key="CA300976-B672-EECB-B156-C09CCC4A494B" value="true"/>
</engineerTo>
<useDomainConstraints>false</useDomainConstraints>
<use>1</use>
<logicalDatatype>LOGDT024</logicalDatatype>
<dataTypeSize>20 CHAR</dataTypeSize>
<ownDataTypeParameters>20 CHAR,,</ownDataTypeParameters>
</Attribute>
<Attribute name="rok_narozeni" id="D9490C29-BB4C-C86B-BAA8-E17538CE75E9">
<createdBy>Tam1</createdBy>
<createdTime>2018-03-14 13:33:59 UTC</createdTime>
<ownerDesignName>new</ownerDesignName>
<engineerTo>
<item key="CA300976-B672-EECB-B156-C09CCC4A494B" value="true"/>
</engineerTo>
<useDomainConstraints>false</useDomainConstraints>
<use>1</use>
<logicalDatatype>LOGDT011</logicalDatatype>
<ownDataTypeParameters>,,</ownDataTypeParameters>
</Attribute>
<Attribute name="hulka" id="5147354F-E52E-B2D6-B7EE-DD4EE5ADFC92">
<createdBy>Tam1</createdBy>
<createdTime>2018-03-14 13:34:15 UTC</createdTime>
<ownerDesignName>new</ownerDesignName>
<engineerTo>
<item key="CA300976-B672-EECB-B156-C09CCC4A494B" value="true"/>
</engineerTo>
<nullsAllowed>true</nullsAllowed>
<useDomainConstraints>false</useDomainConstraints>
<use>1</use>
<logicalDatatype>LOGDT024</logicalDatatype>
<dataTypeSize>30 CHAR</dataTypeSize>
<ownDataTypeParameters>30 CHAR,,</ownDataTypeParameters>
</Attribute>
<Attribute name="sova" id="4F18020B-78F5-07AF-4723-96354AA870A0">
<createdBy>Tam1</createdBy>
<createdTime>2018-03-14 13:34:37 UTC</createdTime>
<ownerDesignName>new</ownerDesignName>
<engineerTo>
<item key="CA300976-B672-EECB-B156-C09CCC4A494B" value="true"/>
</engineerTo>
<nullsAllowed>true</nullsAllowed>
<useDomainConstraints>false</useDomainConstraints>
<use>1</use>
<logicalDatatype>LOGDT024</logicalDatatype>
<dataTypeSize>30 CHAR</dataTypeSize>
<ownDataTypeParameters>30 CHAR,,</ownDataTypeParameters>
</Attribute>
<Attribute name="adresa_key" id="66908D3C-3E10-B97F-819D-03D1CF87806C">
<createdBy>Tam1</createdBy>
<createdTime>2018-03-14 14:06:51 UTC</createdTime>
<generatorID>F911E3C1-AD75-4B28-5455-D0AB17D7CA33</generatorID>
<ownerDesignName>new</ownerDesignName>
<engineerTo>
<item key="CA300976-B672-EECB-B156-C09CCC4A494B" value="true"/>
</engineerTo>
<referedAttribute>1707A746-A787-6EFB-4D4E-52A0AC9540B9</referedAttribute>
<useDomainConstraints>false</useDomainConstraints>
<use>1</use>
<logicalDatatype>LOGDT011</logicalDatatype>
<ownDataTypeParameters>,,</ownDataTypeParameters>
</Attribute>
<Attribute name="id_rocnik" id="5C5E20CF-773C-71D5-3834-F0E0B045EEC7">
<createdBy>Tam1</createdBy>
<createdTime>2018-03-14 14:11:23 UTC</createdTime>
<generatorID>413FC8A8-97AD-D8F2-D98F-968456F94BF1</generatorID>
<ownerDesignName>new</ownerDesignName>
<engineerTo>
<item key="CA300976-B672-EECB-B156-C09CCC4A494B" value="true"/>
</engineerTo>
<referedAttribute>54AB5385-0E75-EC0B-6938-44F24055544C</referedAttribute>
<useDomainConstraints>false</useDomainConstraints>
<use>1</use>
<logicalDatatype>LOGDT011</logicalDatatype>
<ownDataTypeParameters>,,</ownDataTypeParameters>
</Attribute>
<Attribute name="nazev_koleje" id="59C92C8B-AD21-E929-BB88-8FD776EB1E07">
<createdBy>Tam1</createdBy>
<createdTime>2018-04-15 13:50:59 UTC</createdTime>
<generatorID>644CB938-CD4E-8FAF-0B1F-EBF4E3014E56</generatorID>
<ownerDesignName>new</ownerDesignName>
<engineerTo>
<item key="CA300976-B672-EECB-B156-C09CCC4A494B" value="true"/>
</engineerTo>
<referedAttribute>8B192DA2-0F19-42DB-B362-85D72D85B8DF</referedAttribute>
<useDomainConstraints>false</useDomainConstraints>
<use>1</use>
<logicalDatatype>LOGDT024</logicalDatatype>
<dataTypeSize>20</dataTypeSize>
<ownDataTypeParameters>20,,</ownDataTypeParameters>
</Attribute>
</attributes>
<identifiers itemClass="oracle.dbtools.crest.model.design.logical.CandidateKey">
<identifier id="15C8522B-C1BD-209D-8A77-6D0E2FD68B34" name="Student PK">
<createdBy>Tam1</createdBy>
<createdTime>2018-03-14 13:33:17 UTC</createdTime>
<ownerDesignName>new</ownerDesignName>
<engineerTo>
<item key="CA300976-B672-EECB-B156-C09CCC4A494B" value="true"/>
</engineerTo>
<pk>true</pk>
<usedAttributes>
<attributeRef>AB0FD6BC-D181-6FD7-3F38-10BAA9C830EF</attributeRef>
</usedAttributes>
</identifier>
</identifiers>
</Entity>