<?xml version = '1.0' encoding = 'UTF-8'?>
<Entity class="oracle.dbtools.crest.model.design.logical.Entity" directorySegmentName="seg_0" id="858419B0-D8BF-FECF-2932-B2B8BF32CC5D" name="Reditel">
<createdBy>Tam1</createdBy>
<createdTime>2018-03-14 12:50:18 UTC</createdTime>
<ownerDesignName>new</ownerDesignName>
<engineerTo>
<item key="72DDED64-D5B3-D363-5464-4449B4BB7DBD" value="true"/>
</engineerTo>
<adequatelyNormalized>NO</adequatelyNormalized>
<expectedVolumes>0</expectedVolumes>
<fwdEngineeringStrategyName>Single Table</fwdEngineeringStrategyName>
<growthPercent>0</growthPercent>
<growthType>Year</growthType>
<maxVolumes>9999999</maxVolumes>
<minVolumes>0</minVolumes>
<normalForm>Third</normalForm>
<attributes itemClass="oracle.dbtools.crest.model.design.logical.Attribute">
<Attribute name="kouzelnicky_titul" id="94EAF387-79AE-48A9-34CD-471850161A6A">
<createdBy>Tam1</createdBy>
<createdTime>2018-03-14 12:50:35 UTC</createdTime>
<ownerDesignName>new</ownerDesignName>
<engineerTo>
<item key="72DDED64-D5B3-D363-5464-4449B4BB7DBD" value="true"/>
</engineerTo>
<useDomainConstraints>false</useDomainConstraints>
<use>1</use>
<logicalDatatype>LOGDT024</logicalDatatype>
<dataTypeSize>50 CHAR</dataTypeSize>
<ownDataTypeParameters>50 CHAR,,</ownDataTypeParameters>
</Attribute>
<Attribute name="id_zam" id="23F91E9F-FE1B-9E96-4086-325B8927D580">
<createdBy>Tam1</createdBy>
<createdTime>2018-03-15 18:12:31 UTC</createdTime>
<generatorID>30E31192-D988-A081-9EDB-3F56AFEA53CC</generatorID>
<ownerDesignName>new</ownerDesignName>
<engineerTo>
<item key="72DDED64-D5B3-D363-5464-4449B4BB7DBD" value="true"/>
</engineerTo>
<referedAttribute>166ED67B-706A-C3E3-C6D6-5533257A938D</referedAttribute>
<useDomainConstraints>false</useDomainConstraints>
<use>1</use>
<logicalDatatype>LOGDT019</logicalDatatype>
<ownDataTypeParameters>,,</ownDataTypeParameters>
</Attribute>
</attributes>
<identifiers itemClass="oracle.dbtools.crest.model.design.logical.CandidateKey">
<identifier id="C99E9682-7C34-B2A3-EE20-FC103D66E4F7" name="Reditel PK">
<createdBy>Tam1</createdBy>
<createdTime>2018-03-14 14:19:53 UTC</createdTime>
<ownerDesignName>new</ownerDesignName>
<engineerTo>
<item key="72DDED64-D5B3-D363-5464-4449B4BB7DBD" value="true"/>
</engineerTo>
<pk>true</pk>
<usedAttributes>
<attributeRef>23F91E9F-FE1B-9E96-4086-325B8927D580</attributeRef>
</usedAttributes>
</identifier>
</identifiers>
</Entity>