<?xml version = '1.0' encoding = 'UTF-8'?>
<Entity class="oracle.dbtools.crest.model.design.logical.Entity" directorySegmentName="seg_0" id="A27B5FE8-A8DF-7C8C-0C47-47A9CC664605" name="Povinny">
<createdBy>Tam1</createdBy>
<createdTime>2018-03-14 13:14:49 UTC</createdTime>
<ownerDesignName>new</ownerDesignName>
<engineerTo>
<item key="CA300976-B672-EECB-B156-C09CCC4A494B" value="true"/>
</engineerTo>
<adequatelyNormalized>NO</adequatelyNormalized>
<expectedVolumes>0</expectedVolumes>
<fwdEngineeringStrategyName>Single Table</fwdEngineeringStrategyName>
<growthPercent>0</growthPercent>
<growthType>Year</growthType>
<hierarchicalParent>B5C49E26-9A62-E1E0-8D89-4B241BF79E3A</hierarchicalParent>
<maxVolumes>9999999</maxVolumes>
<minVolumes>0</minVolumes>
<normalForm>Third</normalForm>
<subtypesRefType>None</subtypesRefType>
<attributeInherType>All atributes</attributeInherType>
<generateDiscrimColumn>true</generateDiscrimColumn>
<attributes itemClass="oracle.dbtools.crest.model.design.logical.Attribute">
<Attribute name="pruchodnost" id="453CB911-B079-9D6E-E8F5-36B56F693935">
<createdBy>Tam1</createdBy>
<createdTime>2018-03-14 13:15:03 UTC</createdTime>
<ownerDesignName>new</ownerDesignName>
<engineerTo>
<item key="CA300976-B672-EECB-B156-C09CCC4A494B" value="true"/>
</engineerTo>
<useDomainConstraints>false</useDomainConstraints>
<use>1</use>
<logicalDatatype>LOGDT011</logicalDatatype>
<ownDataTypeParameters>,,</ownDataTypeParameters>
</Attribute>
</attributes>
</Entity>