<?xml version = '1.0' encoding = 'UTF-8'?>
<Entity class="oracle.dbtools.crest.model.design.logical.Entity" directorySegmentName="seg_0" id="BF08637A-E102-EFF2-B349-77D3F6FF59B5" name="Ostatni">
<createdBy>Tam1</createdBy>
<createdTime>2018-03-14 12:51:18 UTC</createdTime>
<ownerDesignName>new</ownerDesignName>
<engineerTo>
<item key="72DDED64-D5B3-D363-5464-4449B4BB7DBD" value="true"/>
</engineerTo>
<adequatelyNormalized>NO</adequatelyNormalized>
<expectedVolumes>0</expectedVolumes>
<fwdEngineeringStrategyName>Single Table</fwdEngineeringStrategyName>
<growthPercent>0</growthPercent>
<growthType>Year</growthType>
<maxVolumes>9999999</maxVolumes>
<minVolumes>0</minVolumes>
<normalForm>Third</normalForm>
<attributes itemClass="oracle.dbtools.crest.model.design.logical.Attribute">
<Attribute name="pozice" id="EE4F650D-E040-6EED-FB8F-7905B61C752E">
<createdBy>Tam1</createdBy>
<createdTime>2018-03-14 12:51:24 UTC</createdTime>
<ownerDesignName>new</ownerDesignName>
<engineerTo>
<item key="72DDED64-D5B3-D363-5464-4449B4BB7DBD" value="true"/>
</engineerTo>
<useDomainConstraints>false</useDomainConstraints>
<use>1</use>
<logicalDatatype>LOGDT024</logicalDatatype>
<dataTypeSize>20 CHAR</dataTypeSize>
<ownDataTypeParameters>20 CHAR,,</ownDataTypeParameters>
</Attribute>
<Attribute name="id_zam" id="94E227F7-14BC-E5E7-51E9-60888E6D1B98">
<createdBy>Tam1</createdBy>
<createdTime>2018-03-15 18:13:22 UTC</createdTime>
<generatorID>51D618A4-9D94-29F8-51B9-4087B72A54F4</generatorID>
<ownerDesignName>new</ownerDesignName>
<engineerTo>
<item key="72DDED64-D5B3-D363-5464-4449B4BB7DBD" value="true"/>
</engineerTo>
<referedAttribute>166ED67B-706A-C3E3-C6D6-5533257A938D</referedAttribute>
<useDomainConstraints>false</useDomainConstraints>
<use>1</use>
<logicalDatatype>LOGDT019</logicalDatatype>
<ownDataTypeParameters>,,</ownDataTypeParameters>
</Attribute>
</attributes>
<identifiers itemClass="oracle.dbtools.crest.model.design.logical.CandidateKey">
<identifier id="D38A68AE-D759-6B99-311B-84CE7EA87EE6" name="Ostatni PK">
<createdBy>Tam1</createdBy>
<createdTime>2018-03-15 18:13:22 UTC</createdTime>
<ownerDesignName>new</ownerDesignName>
<engineerTo>
<item key="72DDED64-D5B3-D363-5464-4449B4BB7DBD" value="true"/>
</engineerTo>
<pk>true</pk>
<usedAttributes>
<attributeRef>94E227F7-14BC-E5E7-51E9-60888E6D1B98</attributeRef>
</usedAttributes>
</identifier>
</identifiers>
</Entity>