<?xml version = '1.0' encoding = 'UTF-8'?>
<Entity class="oracle.dbtools.crest.model.design.logical.Entity" directorySegmentName="seg_0" id="C192437C-6B5F-9B91-4DE2-8527339021D2" name="Primus">
<createdBy>Tam1</createdBy>
<createdTime>2018-03-14 13:37:50 UTC</createdTime>
<ownerDesignName>new</ownerDesignName>
<engineerTo>
<item key="CA300976-B672-EECB-B156-C09CCC4A494B" value="true"/>
</engineerTo>
<adequatelyNormalized>NO</adequatelyNormalized>
<expectedVolumes>0</expectedVolumes>
<fwdEngineeringStrategyName>Single Table</fwdEngineeringStrategyName>
<growthPercent>0</growthPercent>
<growthType>Year</growthType>
<maxVolumes>9999999</maxVolumes>
<minVolumes>0</minVolumes>
<normalForm>Third</normalForm>
<attributes itemClass="oracle.dbtools.crest.model.design.logical.Attribute">
<Attribute name="prezdivka" id="2563DF1C-D869-CDBF-FCD7-1074A65E1BA1">
<createdBy>Tam1</createdBy>
<createdTime>2018-03-14 13:37:57 UTC</createdTime>
<ownerDesignName>new</ownerDesignName>
<engineerTo>
<item key="CA300976-B672-EECB-B156-C09CCC4A494B" value="true"/>
</engineerTo>
<nullsAllowed>true</nullsAllowed>
<useDomainConstraints>false</useDomainConstraints>
<use>1</use>
<logicalDatatype>LOGDT024</logicalDatatype>
<dataTypeSize>20 CHAR</dataTypeSize>
<ownDataTypeParameters>20 CHAR,,</ownDataTypeParameters>
</Attribute>
<Attribute name="id_student" id="D0B17C1A-6E71-CF24-324B-5F7CD5380E8C">
<createdBy>Tam1</createdBy>
<createdTime>2018-03-15 18:15:47 UTC</createdTime>
<generatorID>E8AFB1AE-1C5B-0ACE-AB19-D0C30A5D7DC6</generatorID>
<ownerDesignName>new</ownerDesignName>
<engineerTo>
<item key="CA300976-B672-EECB-B156-C09CCC4A494B" value="true"/>
</engineerTo>
<referedAttribute>68A82AF6-9013-07C8-BF7E-54F4F9BB87F1</referedAttribute>
<useDomainConstraints>false</useDomainConstraints>
<use>1</use>
<logicalDatatype>LOGDT011</logicalDatatype>
<ownDataTypeParameters>,,</ownDataTypeParameters>
</Attribute>
</attributes>
<identifiers itemClass="oracle.dbtools.crest.model.design.logical.CandidateKey">
<identifier id="242B0622-229A-A3C9-2E6E-1B50044D41E9" name="Primus PK">
<createdBy>Tam1</createdBy>
<createdTime>2018-03-15 18:15:47 UTC</createdTime>
<ownerDesignName>new</ownerDesignName>
<engineerTo>
<item key="CA300976-B672-EECB-B156-C09CCC4A494B" value="true"/>
</engineerTo>
<pk>true</pk>
<usedAttributes>
<attributeRef>D0B17C1A-6E71-CF24-324B-5F7CD5380E8C</attributeRef>
</usedAttributes>
</identifier>
</identifiers>
</Entity>