<?xml version = '1.0' encoding = 'UTF-8'?>
<Entity class="oracle.dbtools.crest.model.design.logical.Entity" directorySegmentName="seg_0" id="C8108B16-ADD9-E8A0-C51F-34E416128972" name="Ucitel">
<createdBy>Tam1</createdBy>
<createdTime>2018-03-14 12:51:54 UTC</createdTime>
<ownerDesignName>new</ownerDesignName>
<engineerTo>
<item key="72DDED64-D5B3-D363-5464-4449B4BB7DBD" value="true"/>
</engineerTo>
<adequatelyNormalized>NO</adequatelyNormalized>
<expectedVolumes>0</expectedVolumes>
<fwdEngineeringStrategyName>Single Table</fwdEngineeringStrategyName>
<growthPercent>0</growthPercent>
<growthType>Year</growthType>
<maxVolumes>9999999</maxVolumes>
<minVolumes>0</minVolumes>
<normalForm>Third</normalForm>
<attributes itemClass="oracle.dbtools.crest.model.design.logical.Attribute">
<Attribute name="kouzelnicky_titul" id="24B1B814-F2BF-D115-9283-8E812E1E715D">
<createdBy>Tam1</createdBy>
<createdTime>2018-03-14 12:52:00 UTC</createdTime>
<ownerDesignName>new</ownerDesignName>
<engineerTo>
<item key="72DDED64-D5B3-D363-5464-4449B4BB7DBD" value="true"/>
</engineerTo>
<useDomainConstraints>false</useDomainConstraints>
<use>1</use>
<logicalDatatype>LOGDT024</logicalDatatype>
<dataTypeSize>50 CHAR</dataTypeSize>
<ownDataTypeParameters>50 CHAR,,</ownDataTypeParameters>
</Attribute>
<Attribute name="nazev" id="2EBDA2A7-3C91-1A0C-0A39-A0A63622EE61">
<createdBy>Tam1</createdBy>
<createdTime>2018-03-14 13:56:59 UTC</createdTime>
<generatorID>D17A6BEA-2B77-CDFF-9BFC-835039FFBCFB</generatorID>
<ownerDesignName>new</ownerDesignName>
<engineerTo>
<item key="72DDED64-D5B3-D363-5464-4449B4BB7DBD" value="true"/>
</engineerTo>
<referedAttribute>09C2D7CD-0591-A48F-0B99-1FA44167C425</referedAttribute>
<useDomainConstraints>false</useDomainConstraints>
<use>1</use>
<logicalDatatype>LOGDT024</logicalDatatype>
<dataTypeSize>50 CHAR</dataTypeSize>
<ownDataTypeParameters>50 CHAR,,</ownDataTypeParameters>
</Attribute>
<Attribute name="id_zam" id="D3F55FC9-FC7C-1F3F-A25C-55E8CCBDB643">
<createdBy>Tam1</createdBy>
<createdTime>2018-03-15 18:13:59 UTC</createdTime>
<generatorID>112F694E-99B3-D57E-B084-EC91CFEF04B9</generatorID>
<ownerDesignName>new</ownerDesignName>
<engineerTo>
<item key="72DDED64-D5B3-D363-5464-4449B4BB7DBD" value="true"/>
</engineerTo>
<referedAttribute>166ED67B-706A-C3E3-C6D6-5533257A938D</referedAttribute>
<useDomainConstraints>false</useDomainConstraints>
<use>1</use>
<logicalDatatype>LOGDT019</logicalDatatype>
<ownDataTypeParameters>,,</ownDataTypeParameters>
</Attribute>
<Attribute name="zastupce_reditele" id="91366856-E65A-BAF0-96CC-DF4BF615A0C5">
<createdBy>Tam1</createdBy>
<createdTime>2018-04-09 19:08:22 UTC</createdTime>
<ownerDesignName>new</ownerDesignName>
<engineerTo>
<item key="72DDED64-D5B3-D363-5464-4449B4BB7DBD" value="true"/>
</engineerTo>
<useDomainConstraints>false</useDomainConstraints>
<use>1</use>
<logicalDatatype>LOGDT006</logicalDatatype>
<dataTypeSize>1 BYTE</dataTypeSize>
<ownDataTypeParameters>1 BYTE,,</ownDataTypeParameters>
</Attribute>
</attributes>
<identifiers itemClass="oracle.dbtools.crest.model.design.logical.CandidateKey">
<identifier id="A0A9BF3E-610F-CD3E-F182-7116515BDE7B" name="Ucitel PK">
<createdBy>Tam1</createdBy>
<createdTime>2018-03-15 18:13:59 UTC</createdTime>
<ownerDesignName>new</ownerDesignName>
<engineerTo>
<item key="72DDED64-D5B3-D363-5464-4449B4BB7DBD" value="true"/>
</engineerTo>
<pk>true</pk>
<usedAttributes>
<attributeRef>D3F55FC9-FC7C-1F3F-A25C-55E8CCBDB643</attributeRef>
</usedAttributes>
</identifier>
</identifiers>
</Entity>