<?xml version = '1.0' encoding = 'UTF-8'?>
<Entity class="oracle.dbtools.crest.model.design.logical.Entity" directorySegmentName="seg_0" id="E03987CC-5F44-CAC3-99EA-D4882127BA4C" name="FamfrpalT">
<createdBy>Tam1</createdBy>
<createdTime>2018-03-14 13:27:41 UTC</createdTime>
<ownerDesignName>new</ownerDesignName>
<engineerTo>
<item key="72DDED64-D5B3-D363-5464-4449B4BB7DBD" value="true"/>
</engineerTo>
<adequatelyNormalized>NO</adequatelyNormalized>
<expectedVolumes>0</expectedVolumes>
<fwdEngineeringStrategyName>Single Table</fwdEngineeringStrategyName>
<growthPercent>0</growthPercent>
<growthType>Year</growthType>
<maxVolumes>9999999</maxVolumes>
<minVolumes>0</minVolumes>
<normalForm>Third</normalForm>
<attributes itemClass="oracle.dbtools.crest.model.design.logical.Attribute">
<Attribute name="prezdivka" id="0A60D7FD-DC3F-00C8-DBE6-3E0837019016">
<createdBy>Tam1</createdBy>
<createdTime>2018-03-14 13:28:14 UTC</createdTime>
<ownerDesignName>new</ownerDesignName>
<engineerTo>
<item key="72DDED64-D5B3-D363-5464-4449B4BB7DBD" value="true"/>
</engineerTo>
<nullsAllowed>true</nullsAllowed>
<useDomainConstraints>false</useDomainConstraints>
<use>1</use>
<logicalDatatype>LOGDT024</logicalDatatype>
<dataTypeSize>10 CHAR</dataTypeSize>
<ownDataTypeParameters>10 CHAR,,</ownDataTypeParameters>
</Attribute>
<Attribute name="nazev_koleje" id="444F4366-8203-523F-7C15-92EA85C56E7C">
<createdBy>Tam1</createdBy>
<createdTime>2018-04-15 13:59:42 UTC</createdTime>
<generatorID>5D355C06-C16E-2902-133E-DB88AD982A81</generatorID>
<ownerDesignName>new</ownerDesignName>
<engineerTo>
<item key="72DDED64-D5B3-D363-5464-4449B4BB7DBD" value="true"/>
</engineerTo>
<referedAttribute>8B192DA2-0F19-42DB-B362-85D72D85B8DF</referedAttribute>
<useDomainConstraints>false</useDomainConstraints>
<use>1</use>
<logicalDatatype>LOGDT024</logicalDatatype>
<dataTypeSize>20</dataTypeSize>
<ownDataTypeParameters>20,,</ownDataTypeParameters>
</Attribute>
</attributes>
<identifiers itemClass="oracle.dbtools.crest.model.design.logical.CandidateKey">
<identifier id="7C1A8704-B9CF-44D6-4926-B08A93354B59" name="Famfrpalovy_tym PK">
<createdBy>Tam1</createdBy>
<createdTime>2018-03-14 13:28:53 UTC</createdTime>
<ownerDesignName>new</ownerDesignName>
<engineerTo>
<item key="72DDED64-D5B3-D363-5464-4449B4BB7DBD" value="true"/>
</engineerTo>
<pk>true</pk>
<usedAttributes>
<attributeRef>444F4366-8203-523F-7C15-92EA85C56E7C</attributeRef>
</usedAttributes>
</identifier>
</identifiers>
</Entity>