<?xml version = '1.0' encoding = 'UTF-8'?>
<Entity class="oracle.dbtools.crest.model.design.logical.Entity" directorySegmentName="seg_0" id="E90615ED-FBD0-58AD-2705-1ABDEACAA960" name="Zamestnanec">
<createdBy>Tam1</createdBy>
<createdTime>2018-03-14 12:44:40 UTC</createdTime>
<ownerDesignName>new</ownerDesignName>
<engineerTo>
<item key="72DDED64-D5B3-D363-5464-4449B4BB7DBD" value="true"/>
</engineerTo>
<adequatelyNormalized>NO</adequatelyNormalized>
<expectedVolumes>0</expectedVolumes>
<fwdEngineeringStrategyName>Single Table</fwdEngineeringStrategyName>
<growthPercent>0</growthPercent>
<growthType>Year</growthType>
<maxVolumes>9999999</maxVolumes>
<minVolumes>0</minVolumes>
<normalForm>Third</normalForm>
<generateDiscrimColumn>true</generateDiscrimColumn>
<attributes itemClass="oracle.dbtools.crest.model.design.logical.Attribute">
<Attribute name="id_zam" id="166ED67B-706A-C3E3-C6D6-5533257A938D">
<createdBy>Tam1</createdBy>
<createdTime>2018-03-14 12:44:54 UTC</createdTime>
<ownerDesignName>new</ownerDesignName>
<engineerTo>
<item key="72DDED64-D5B3-D363-5464-4449B4BB7DBD" value="true"/>
</engineerTo>
<useDomainConstraints>false</useDomainConstraints>
<use>1</use>
<logicalDatatype>LOGDT019</logicalDatatype>
<ownDataTypeParameters>,,</ownDataTypeParameters>
</Attribute>
<Attribute name="jmeno" id="ED355FA8-35F1-9C14-F29F-750DFE1D449F">
<createdBy>Tam1</createdBy>
<createdTime>2018-03-14 12:46:43 UTC</createdTime>
<ownerDesignName>new</ownerDesignName>
<engineerTo>
<item key="72DDED64-D5B3-D363-5464-4449B4BB7DBD" value="true"/>
</engineerTo>
<useDomainConstraints>false</useDomainConstraints>
<use>1</use>
<logicalDatatype>LOGDT024</logicalDatatype>
<dataTypeSize>20 CHAR</dataTypeSize>
<ownDataTypeParameters>20 CHAR,,</ownDataTypeParameters>
</Attribute>
<Attribute name="prijmeni" id="36C066DB-86CE-C93D-5F38-C02965331793">
<createdBy>Tam1</createdBy>
<createdTime>2018-03-14 12:48:02 UTC</createdTime>
<ownerDesignName>new</ownerDesignName>
<engineerTo>
<item key="72DDED64-D5B3-D363-5464-4449B4BB7DBD" value="true"/>
</engineerTo>
<useDomainConstraints>false</useDomainConstraints>
<use>1</use>
<logicalDatatype>LOGDT024</logicalDatatype>
<dataTypeSize>20 CHAR</dataTypeSize>
<ownDataTypeParameters>20 CHAR,,</ownDataTypeParameters>
</Attribute>
<Attribute name="rok_narozeni" id="4D31BAFA-B76C-688A-1FE5-862560821E98">
<createdBy>Tam1</createdBy>
<createdTime>2018-03-14 12:48:18 UTC</createdTime>
<ownerDesignName>new</ownerDesignName>
<engineerTo>
<item key="72DDED64-D5B3-D363-5464-4449B4BB7DBD" value="true"/>
</engineerTo>
<useDomainConstraints>false</useDomainConstraints>
<use>1</use>
<logicalDatatype>LOGDT011</logicalDatatype>
<ownDataTypeParameters>,,</ownDataTypeParameters>
</Attribute>
<Attribute name="vyse_platu" id="B3B6BF09-171D-7B17-6799-C642085C0DA7">
<createdBy>Tam1</createdBy>
<createdTime>2018-03-14 12:49:03 UTC</createdTime>
<ownerDesignName>new</ownerDesignName>
<engineerTo>
<item key="72DDED64-D5B3-D363-5464-4449B4BB7DBD" value="true"/>
</engineerTo>
<nullsAllowed>true</nullsAllowed>
<useDomainConstraints>false</useDomainConstraints>
<use>1</use>
<logicalDatatype>LOGDT019</logicalDatatype>
<ownDataTypeParameters>,,</ownDataTypeParameters>
</Attribute>
<Attribute name="adresa_key" id="659D0BA2-0D21-B1F7-201B-E639F7B9745F">
<createdBy>Tam1</createdBy>
<createdTime>2018-03-14 14:07:59 UTC</createdTime>
<generatorID>3A6002E7-EAE4-AD55-ACA0-9863423D9D75</generatorID>
<ownerDesignName>new</ownerDesignName>
<engineerTo>
<item key="72DDED64-D5B3-D363-5464-4449B4BB7DBD" value="true"/>
</engineerTo>
<referedAttribute>1707A746-A787-6EFB-4D4E-52A0AC9540B9</referedAttribute>
<useDomainConstraints>false</useDomainConstraints>
<use>1</use>
<logicalDatatype>LOGDT011</logicalDatatype>
<ownDataTypeParameters>,,</ownDataTypeParameters>
</Attribute>
<Attribute name="typ" id="5B521DC9-DE18-3F45-3F84-E530AC91E7DC">
<createdBy>Tam1</createdBy>
<createdTime>2018-04-19 16:29:40 UTC</createdTime>
<ownerDesignName>new</ownerDesignName>
<engineerTo>
<item key="72DDED64-D5B3-D363-5464-4449B4BB7DBD" value="true"/>
</engineerTo>
<useDomainConstraints>false</useDomainConstraints>
<use>1</use>
<logicalDatatype>LOGDT011</logicalDatatype>
<ownDataTypeParameters>,,</ownDataTypeParameters>
</Attribute>
</attributes>
<identifiers itemClass="oracle.dbtools.crest.model.design.logical.CandidateKey">
<identifier id="DABC2767-8F27-8C26-823E-E211B60F53FE" name="Zamestnanec PK">
<createdBy>Tam1</createdBy>
<createdTime>2018-03-14 12:46:12 UTC</createdTime>
<ownerDesignName>new</ownerDesignName>
<engineerTo>
<item key="72DDED64-D5B3-D363-5464-4449B4BB7DBD" value="true"/>
</engineerTo>
<pk>true</pk>
<usedAttributes>
<attributeRef>166ED67B-706A-C3E3-C6D6-5533257A938D</attributeRef>
</usedAttributes>
</identifier>
</identifiers>
</Entity>